"DeviceName","MedianScore","NumberOfBenchmarks"
"2X AMD EPYC 9965 192-Core Processor","9671.4","2"
"2X AMD EPYC 9755 128-Core Processor","7181.64","4"
"2X AMD EPYC 9965 192-Core Emb Processor","7058.04","2"
"2X AMD Eng Sample: 100-000001535-05","6859.14","8"
"2X AMD EPYC 9745 128-Core Processor","6154.01","3"
"2X AMD EPYC 9B45 128-Core Processor","5818.96","1"
"2X AMD EPYC 9B45","5761.33","1"
"2X AMD EPYC 9655 96-Core Processor","5362.2","2"
"2X AMD EPYC 9754 128-Core Processor","4747.97","1"
"2X AMD EPYC 9645 96-Core Processor","4413.94","1"
"AMD EPYC 9965 192-Core Processor","4077.55","2"
"2X AMD EPYC 9734 112-Core Processor","3986.64","2"
"2X Intel Xeon 6960P","3979.96","4"
"2X AMD EPYC 9555 64-Core Processor","3847.16","1"
"AMD EPYC 9755 128-Core Processor","3672.49","1"
"2X AMD EPYC 9684X 96-Core Processor","3596.83","1"
"2X AMD Eng Sample: 100-000000896-02","3271.93","1"
"2X AMD EPYC 9554 64-Core Processor","3186.86","2"
"2X AMD EPYC 9455 48-Core Processor","2966.35","2"
"2X Genuine Intel 0000","2882.05","1"
"AMD Ryzen Threadripper PRO 9995WX 96-Cores","2785.72","9"
"AMD EPYC 9655P 96-Core Processor","2769.59","4"
"Intel Xeon 6985P-C","2744.11","5"
"AMD EPYC 9B45 128-Core Processor","2656.65","3"
"AMD EPYC 9754 128-Core Processor","2626.83","4"
"AMD Eng Sample: 100-000000894-03","2474.37","1"
"AMD EPYC 9645 96-Core Processor","2455.18","3"
"2X Intel Xeon 6740E","2425.34","4"
"2X AMD EPYC 7773X 64-Core Processor","2351.42","3"
"2X Intel Xeon 6745P","2324.78","1"
"2X INTEL XEON PLATINUM 8570","2306.79","1"
"2X AMD EPYC 9654 96-Core Processor","2276.51","1"
"2X INTEL XEON PLATINUM 8568Y+","2252.21","1"
"2X Genuine Intel CPU 0000%@","2202.09","1"
"AMD EPYC 9654P 96-Core Processor","2140.54","2"
"AMD Ryzen Threadripper PRO 9985WX 64-Cores","2140.01","12"
"AMD Ryzen Threadripper PRO 7995WX 96-Cores","2102.67","22"
"AMD EPYC 9555P 64-Core Processor","2071.93","3"
"2X AMD EPYC 9355 32-Core Processor","2037.64","2"
"AMD EPYC 9654 96-Core Processor","2016.68","12"
"AMD Ryzen Threadripper 9980X 64-Cores","2010.73","10"
"2X AMD EPYC 7713 64-Core Processor","1991.82","2"
"2X AMD EPYC 9454 48-Core Processor","1894.71","1"
"2X AMD EPYC 9374F 32-Core Processor","1894.65","2"
"AMD Ryzen Threadripper 7980X 64-Cores","1856.3","96"
"AMD EPYC 9535 64-Core Processor","1802.55","2"
"AMD EPYC 9734 112-Core Processor","1796.74","1"
"Intel Xeon 6767P","1747.67","1"
"AMD EPYC 9634 84-Core Processor","1723.12","2"
"AMD EPYC 9554P 64-Core Processor","1693.16","2"
"2X AMD EPYC 9354 32-Core Processor","1683.58","1"
"2X AMD EPYC 7K62 48-Core Processor","1604.57","4"
"2X AMD EPYC 9334 32-Core Processor","1556.26","1"
"AMD Eng Sample: 100-000001247-12","1523.92","1"
"AMD EPYC 9474F 48-Core Processor","1500.82","2"
"2X INTEL XEON GOLD 6530","1469.33","2"
"2X AMD EPYC 7643 48-Core Processor","1460.89","5"
"Intel Xeon 6741P","1426.74","1"
"2X AMD EPYC 7642 48-Core Processor","1413.28","2"
"2X AMD EPYC 7552 48-Core Processor","1406.73","1"
"2X AMD EPYC 7543 32-Core Processor","1310.33","1"
"AMD Ryzen Threadripper 7970X 32-Cores","1304.14","163"
"2X Intel Xeon Platinum 8452Y","1294.82","1"
"2X INTEL XEON GOLD 6542Y","1294.02","3"
"AMD Ryzen Threadripper PRO 9975WX 32-Cores","1291.08","3"
"AMD EPYC 7763 64-Core Processor","1284.11","3"
"AMD EPYC 7B13 64-Core Processor","1279.34","3"
"AMD EPYC 9454P 48-Core Processor","1249.66","2"
"Intel Xeon w9-3595X","1239.4","2"
"2X AMD EPYC 7513 32-Core Processor","1238.17","1"
"2X AMD EPYC 7R12 48-Core Processor","1222.42","1"
"AMD EPYC 9534 64-Core Processor","1214.92","1"
"2X INTEL XEON GOLD 5520+","1203.64","1"
"AMD Eng Sample: 100-000000475-15","1193.53","1"
"AMD EPYC 7713 64-Core Processor","1185.16","1"
"AMD Ryzen Threadripper 9970X 32-Cores","1180.64","16"
"AMD Ryzen Threadripper PRO 5995WX 64-Cores","1148.86","11"
"Intel Xeon Platinum 8468","1141.98","2"
"Intel Xeon 6731E","1140.02","1"
"AMD Eng Sample: 100-000000425_37/24_N","1138.99","1"
"2X Intel Xeon 6724P","1130.24","1"
"AMD Ryzen Threadripper 3990X 64-Core Processor","1104.57","9"
"2X AMD EPYC 9224 24-Core Processor","1090.39","3"
"AMD EPYC 7713P 64-Core Processor","1081.38","2"
"AMD EPYC 7C13 64-Core Processor","1073.64","2"
"Intel Xeon w9-3495X","1066.11","9"
"Intel Xeon CPU Max 9480","1063.91","1"
"2X Intel Xeon Gold 6430","1050.65","2"
"2X Intel Xeon Platinum 8369B CPU @ 2.70GHz","1040.86","1"
"AMD Ryzen Threadripper PRO 7975WX 32-Cores","1035.6","10"
"AMD EPYC 9355P 32-Core Processor","1023.88","2"
"AMD Ryzen Threadripper PRO 3995WX 64-Cores","1017.8","12"
"2X Intel Xeon Gold 5420+","989.86","1"
"2X AMD EPYC 7413 24-Core Processor","944.11","1"
"AMD Ryzen Threadripper PRO 9965WX 24-Cores","924.31","4"
"2X Intel Xeon Gold 6448Y","918.49","1"
"AMD EPYC 9354P 32-Core Processor","912.74","6"
"Intel Xeon w7-3565X","883.25","4"
"AMD Ryzen Threadripper 9960X 24-Cores","875.13","10"
"2X Intel Xeon Gold 6342 CPU @ 2.80GHz","870.56","2"
"2X Intel Xeon Gold 5418Y","855.16","1"
"AMD Eng Sample: 100-000000897-03","854.45","1"
"2X Intel Xeon CPU @ 2.80GHz","845.75","1"
"2X AMD EPYC 9124 16-Core Processor","844.78","1"
"2X Intel Xeon Gold 5318Y CPU @ 2.10GHz","826.76","2"
"AMD EPYC 7K62 48-Core Processor","816.02","2"
"AMD Eng Sample: 100-000001535-05","798.54","1"
"2X Intel Xeon Platinum 8369HC CPU @ 3.30GHz","797.44","2"
"2X AMD EPYC 7551 32-Core Processor","791.95","3"
"Intel Xeon w7-3555","762.28","1"
"AMD Ryzen Threadripper PRO 7965WX 24-Cores","757.27","12"
"AMD Ryzen Threadripper 7960X 24-Cores","755.1","27"
"AMD EPYC 4585PX 16-Core Processor","750.47","10"
"AMD Ryzen Threadripper PRO 5975WX 32-Cores","742.85","15"
"INTEL XEON GOLD 6530","728.19","3"
"2X Intel Xeon Silver 4316 CPU @ 2.30GHz","725.99","2"
"Intel Xeon w9-3475X","724.82","1"
"AMD EPYC 7543 32-Core Processor","716.99","2"
"Apple M3 Ultra","715.94","42"
"4X Intel Xeon Gold 6258R CPU @ 2.70GHz","714.11","1"
"2X Intel Xeon Platinum 8173M CPU @ 2.00GHz","712.17","1"
"Intel Xeon CPU Max 9462","694.53","1"
"2X AMD EPYC 7313 16-Core Processor","691.19","1"
"2X INTEL XEON SILVER 4514Y","690.9","1"
"Intel Xeon W-3175X CPU @ 3.10GHz","684.14","1"
"2X Intel Xeon Gold 6230R CPU @ 2.10GHz","680.03","2"
"2X Intel Xeon Platinum 8249C CPU @ 2.10GHz","677","1"
"2X Intel Xeon Platinum 8168 CPU @ 2.70GHz","675.99","2"
"AMD EPYC 7702P 64-Core Processor","673.34","3"
"2X Intel Xeon CPU E5-2699 v4 @ 2.20GHz","671.85","4"
"AMD EPYC 9254 24-Core Processor","671.15","2"
"2X Intel Xeon Gold 5220R CPU @ 2.20GHz","664.19","1"
"AMD Ryzen Threadripper 3970X 32-Core Processor","661.04","61"
"2X Intel Xeon Platinum 8180 CPU @ 2.50GHz","655.78","1"
"AMD Ryzen Threadripper PRO 9955WX 16-Cores","650.17","2"
"AMD Ryzen Threadripper PRO 3975WX 32-Cores","644.23","6"
"AMD Ryzen 9 9950X3D 16-Core Processor","641.16","1592"
"AMD EPYC 4564P 16-Core Processor","638.81","2"
"Intel Xeon 6521P","634.19","2"
"2X Intel Xeon Gold 6242R CPU @ 3.10GHz","631.29","4"
"2X Intel Xeon Platinum 8164 CPU @ 2.00GHz","628.74","1"
"Intel Xeon w7-2575X","622.43","1"
"AMD EPYC 4584PX 16-Core Processor","621.53","4"
"Intel Xeon w7-3465X","615.97","1"
"AMD 100-000000011-11","605.33","1"
"AMD Ryzen 9 9950X 16-Core Processor","605.12","1140"
"AMD Ryzen Threadripper PRO 7955WX 16-Cores","593.6","2"
"AMD EPYC 7542 32-Core Processor","589.85","1"
"AMD Eng Sample: 100-000000514-20_Y","587.64","2"
"2X Intel Xeon Silver 4314 CPU @ 2.40GHz","585.3","2"
"2X Intel Xeon Platinum 8260L CPU @ 2.30GHz","584.63","1"
"AMD Ryzen Threadripper PRO 5965WX 24-Cores","583.31","5"
"AMD EPYC 9135 16-Core Processor","582.67","11"
"AMD EPYC 7453 28-Core Processor","581.66","1"
"30X AMD EPYC 9354 32-Core Processor","576.57","2"
"2X Intel Xeon Processor (SapphireRapids)","574.95","1"
"2X Intel Xeon Gold 6154 CPU @ 3.00GHz","573.57","3"
"AMD Ryzen 9 9955HX3D 16-Core Processor","570.31","17"
"2X Intel Xeon CPU E5-2697 v4 @ 2.30GHz","568.43","9"
"2X Intel Xeon CPU E5-2696 v4 @ 2.20GHz","567.55","5"
"AMD EPYC 7443 24-Core Processor","563.97","1"
"Intel Xeon w7-2595X","555.94","1"
"2X Intel Xeon CPU E5-2686 v4 @ 2.30GHz","555.4","3"
"AMD EPYC 7443P 24-Core Processor","555.28","2"
"Intel Core Ultra 9 285K","553.96","351"
"AMD EPYC 7532 32-Core Processor","544.47","1"
"2X Intel Xeon Gold 6148 CPU @ 2.40GHz","542.37","5"
"AMD Ryzen 9 7950X 16-Core Processor","533.04","965"
"Intel Xeon w7-3445","531.06","2"
"Intel Xeon w7-2495X","530.46","1"
"AMD Ryzen 9 9955HX 16-Core Processor","529.97","25"
"AMD EPYC 4545P 16-Core Processor","528.45","2"
"AMD Ryzen 9 7950X3D 16-Core Processor","527.79","584"
"AMD Eng Sample: 100-000000054-04_32/24_N","525.5","3"
"AMD Eng Sample: 100-000000870-32_Y","522.44","9"
"Intel Core i9-14900KS","521.09","147"
"Intel Core Ultra 9 285HX","517.87","18"
"AMD Ryzen Threadripper 3960X 24-Core Processor","509.39","24"
"Apple M2 Ultra","508.74","20"
"2X Intel Xeon Gold 5218R CPU @ 2.10GHz","503.19","1"
"Intel Core i9-14900K","501.5","874"
" N Processor","497.9","4"
"13th Gen Intel Core i9-13900KS","490.67","34"
"Intel Xeon Platinum 8352V CPU @ 2.10GHz","487.6","1"
"Genuine Intel CPU 0000%@","485.82","2"
"2X Intel Xeon CPU E5-2673 v4 @ 2.30GHz","484.13","3"
"31X AMD EPYC 7763 64-Core Processor","483.88","2"
"Intel Core i9-14900KF","482.9","204"
"2X Intel Xeon CPU E5-2698 v4 @ 2.20GHz","480.98","2"
"13th Gen Intel Core i9-13900KF","480.97","89"
"AMD EPYC 9115 16-Core Processor","480.16","3"
"2X Intel Xeon CPU E5-2697A v4 @ 2.60GHz","479.63","2"
"Intel Xeon W-3275 CPU @ 2.50GHz","477.85","2"
"AMD Ryzen 9 7945HX with Radeon Graphics","477.71","165"
"2X Intel Xeon CPU E5-2682 v4 @ 2.50GHz","477.26","1"
"Apple M4 Max","475.35","315"
"AMD Ryzen 9 9900X3D 12-Core Processor","471.82","29"
"Intel Core Ultra 9 285","470.29","9"
"13th Gen Intel Core i9-13900K","470.18","253"
"AMD Ryzen 9 8945HX with Radeon Graphics","468.88","9"
"AMD Ryzen 9 7945HX3D with Radeon Graphics","468.5","6"
"Intel Core Ultra 7 265K","467.82","465"
"AMD Ryzen 9 7940HX with Radeon Graphics","465.78","26"
"AMD Ryzen 9 9900X 12-Core Processor","464.66","770"
"Intel Core Ultra 7 265KF","464.11","63"
"2X Intel Xeon Gold 6226R CPU @ 2.90GHz","462.89","1"
"Intel Core Ultra 9 275HX","462.23","192"
"AMD Ryzen 9 8940HX with Radeon Graphics","458.4","25"
"Intel Xeon w5-3535X","455.72","1"
"2X Intel Xeon Gold 6138 CPU @ 2.00GHz","454.17","5"
"Intel Xeon w7-2475X","452.07","1"
"AMD RYZEN AI MAX+ 395 w/ Radeon 8060S","450.37","66"
"INTEL XEON GOLD 6526Y","449.94","1"
"AMD EPYC 9174F 16-Core Processor","448.77","3"
"AMD Ryzen Threadripper 2990WX 32-Core Processor","444.68","17"
"Intel Xeon W-3275M CPU @ 2.50GHz","441.75","2"
"AMD Ryzen 9 9850HX 12-Core Processor","440.58","2"
"Intel Xeon Platinum 8275CL CPU @ 3.00GHz","440.12","1"
"Intel Core i7-14700KF","437.85","301"
"AMD EPYC 7F72 24-Core Processor","436.01","1"
"Intel Xeon W-3265M CPU @ 2.70GHz","433.28","1"
"AMD EPYC 7551P 32-Core Processor","432.19","1"
"2X INTEL XEON SILVER 4509Y","430.72","1"
"Intel Xeon Gold 5318N CPU @ 2.10GHz","430.4","1"
"2X Intel Xeon CPU E5-2696 v3 @ 2.30GHz","430.16","6"
"Intel Core i7-14700K","427.73","209"
"2X Intel Xeon Silver 4410T","426.45","2"
"2X Intel Xeon CPU E5-2699C v4 @ 2.20GHz","423.83","1"
"Intel Xeon w7-3455","422.28","2"
"Apple M1 Ultra","422.23","33"
"AMD Ryzen Threadripper PRO 7985WX 64-Cores","418.9","27"
"2X Intel Xeon CPU E5-2695 v4 @ 2.10GHz","417.93","2"
"AMD Ryzen Threadripper PRO 7945WX 12-Cores","414.54","2"
"2X AMD EPYC 7281 16-Core Processor","413.26","1"
"Intel Xeon w5-2555X","412.32","1"
"Intel Xeon w5-3435X","412.17","5"
"AMD Ryzen Threadripper 2970WX 24-Core Processor","411.6","14"
"13th Gen Intel Core i9-13900F","408.85","9"
"2X","407.03","1"
"Intel Core i9-7980XE CPU @ 2.60GHz","406.26","6"
"Intel Core Ultra 7 255HX","405.68","38"
"2X Intel Xeon CPU E5-2698B v3 @ 2.00GHz","404.82","3"
"AMD Ryzen Threadripper PRO 5955WX 16-Cores","404.06","5"
"4X Intel Xeon Platinum 8358 CPU @ 2.60GHz","401.4","1"
"AMD RYZEN AI MAX+ PRO 395 w/ Radeon 8060S","398.01","17"
"AMD Ryzen 9 7900X 12-Core Processor","395.95","456"
"Intel Core Ultra 7 265HX","395.16","7"
"Apple M3 Max","394.78","105"
"AMD Ryzen 9 7900 12-Core Processor","393.89","202"
"AMD Ryzen 9 7900X3D 12-Core Processor","390.06","93"
"Intel Xeon w5-2465X","389.66","1"
"2X Intel Xeon CPU E5-2699 v3 @ 2.30GHz","389.48","16"
"AMD EPYC 7352 24-Core Processor","388.54","1"
"2X Intel Xeon CPU E5-2680 v4 @ 2.40GHz","385.8","12"
"AMD EPYC 9124 16-Core Processor","385.34","7"
"2X AMD EPYC 7502 32-Core Processor","383.85","1"
"2X Intel Xeon Gold 6140 CPU @ 2.30GHz","383.66","2"
"AMD Ryzen 9 5950X 16-Core Processor","382.37","906"
"2X Intel Xeon Gold 6136 CPU @ 3.00GHz","380.58","1"
"2X Intel Xeon Silver 4310T CPU @ 2.30GHz","377.31","1"
"2X Intel Xeon CPU E5-2683 v4 @ 2.10GHz","375.22","3"
"AMD EPYC 4464P 12-Core Processor","374.66","1"
"AMD Ryzen 9 5900XT 16-Core Processor","373.8","91"
"AMD Ryzen 9 5950X 16-Core Processor","373.39","1"
"AMD EPYC 7313P 16-Core Processor","373.24","2"
"2X Intel Xeon CPU E5-2697 v3 @ 2.60GHz","369.93","1"
"64X Intel Xeon CPU E5-2699C v4 @ 2.20GHz","369.57","1"
"13th Gen Intel Core i7-13700KF","369.25","99"
"2X Intel Xeon CPU E5-2687W v4 @ 3.00GHz","363.09","4"
"13th Gen Intel Core i7-13700K","362.23","164"
"AMD EPYC 7F52 16-Core Processor","361.86","1"
"2X Intel Xeon CPU E5-2690 v4 @ 2.60GHz","360.31","8"
"2X Intel Xeon Gold 5218 CPU @ 2.30GHz","357.52","2"
"Intel Core i9-12900KS","356.93","17"
"Intel Xeon Gold 6238R CPU @ 2.20GHz","354.75","1"
"2X AMD EPYC 74F3 24-Core Processor","354.33","1"
"Intel Core i7-14790F","352.49","1"
"Intel Xeon Silver 4316 CPU @ 2.30GHz","351.07","1"
"2X Intel Xeon CPU E5-2650 v4 @ 2.20GHz","347.83","3"
"Intel Core Ultra 7 265","345.05","15"
"2X Intel Xeon Gold 6133 CPU @ 2.50GHz","343.44","1"
"Apple M4 Pro","342.37","441"
"AMD RYZEN AI MAX 390 w/ Radeon 8050S","342.35","5"
"Intel Core Ultra 7 265F","339.23","7"
"INTEL XEON SILVER 4514Y","339.22","1"
"AMD RYZEN AI MAX PRO 390 w/ Radeon 8050S","338.03","5"
"AMD Ryzen Threadripper PRO 3955WX 16-Cores","337.33","3"
"Intel Core i9-12900K","335.8","126"
"Intel Core i9-10980XE CPU @ 3.00GHz","334.9","10"
"AMD Ryzen 9 3950X 16-Core Processor","334.46","58"
"AMD EPYC 7313 16-Core Processor","333.83","1"
"Intel Core i9-12900KF","332.8","42"
"13th Gen Intel Core i9-13980HX","331.5","82"
"13th Gen Intel Core i9-13900HX","331.38","179"
"Intel Core i9-14900HX","331.03","253"
"13th Gen Intel Core i9-13950HX","330.75","49"
"Intel Xeon Platinum 8358 CPU @ 2.60GHz","329.85","5"
"2X Intel Xeon CPU E5-2698 v3 @ 2.30GHz","329.38","5"
"AMD Ryzen 9 5900X 12-Core Processor","329.02","1"
"Intel Core i7-14700HX","326.14","119"
"AMD Ryzen 7 9800X3D 8-Core Processor","325.38","1785"
"4X Intel Xeon CPU E7- 4860  @ 2.27GHz","323.87","1"
"2X Intel Xeon CPU E5-2690 v3 @ 2.60GHz","321.66","7"
"AMD EPYC 7402P 24-Core Processor","320.53","1"
"2X Intel Xeon CPU E5-2670 v3 @ 2.30GHz","319.56","3"
"Intel Core Ultra 5 245KF","317.27","4"
"Intel Core Ultra 5 245K","316.91","43"
"Intel Xeon w5-2455X","316.17","2"
"Intel Xeon W-2295 CPU @ 3.00GHz","315.69","2"
"AMD EPYC 7302 16-Core Processor","313.28","1"
"2X Intel Xeon CPU E5-2683 v3 @ 2.00GHz","310.9","3"
"2X Intel Xeon CPU E5-2687W v3 @ 3.10GHz","308.86","6"
"Intel Xeon CPU E5-2699A v4 @ 2.40GHz","308.59","1"
"AMD Ryzen 9 7845HX with Radeon Graphics","308.28","22"
"13th Gen Intel Core i7-13700T","307.1","5"
"4X AMD Opteron(tm) Processor 6386 SE","306.39","1"
"Intel Core i5-14600KF","306.02","173"
"Intel Xeon W-3245 CPU @ 3.20GHz","306.01","10"
"Intel Xeon Gold 6346 CPU @ 3.10GHz","304.91","4"
"Intel Xeon Gold 6254 CPU @ 3.10GHz","303.18","1"
"2X Intel Xeon Gold 5120 CPU @ 2.20GHz","301.86","2"
"INTEL XEON SILVER 4510","301.62","3"
"AMD Ryzen AI 9 HX PRO 370 w/ Radeon 890M","301.44","8"
"13th Gen Intel Core i7-13700","300.55","28"
"AMD Ryzen 7 9700X 8-Core Processor","299.89","602"
"2X Intel Xeon CPU E5-2680 v3 @ 2.50GHz","299.87","7"
"Intel Core i5-14600K","299.29","148"
"Genuine Intel 0000 @","299.25","1"
"Intel Core Ultra 5 235","295.21","9"
"13th Gen Intel Core i7-13850HX","294.73","21"
"Intel Core i9-12900F","293.98","9"
"Intel Core i9-14900F","293.69","19"
"AMD EPYC 4345P 8-Core Processor","293.59","1"
"AMD Ryzen Threadripper PRO 5945WX 12-Cores","292.27","2"
"AMD Ryzen 9 3900X 12-Core Processor","291.56","1"
"2X Intel Xeon CPU E5-2667 v4 @ 3.20GHz","291.55","5"
"Intel Xeon Gold 6312U CPU @ 2.40GHz","291.13","2"
"2X Intel Xeon Gold 6126 CPU @ 2.60GHz","290.97","1"
"13th Gen Intel Core i9-13900","290.82","10"
"Intel Core i9-14900","290.6","10"
"AMD Ryzen 9 5900X 12-Core Processor","290.48","685"
"AMD Ryzen AI 9 HX 370 w/ Radeon 890M","290.21","140"
"13th Gen Intel Core i5-13600K","290.2","67"
"Intel Xeon 6507P","289.96","1"
"AMD Ryzen Threadripper 1950X 16-Core Processor","289.26","1"
"Intel Xeon W-2191B CPU @ 2.30GHz","288.89","3"
"Intel Core i7-14700F","288.7","93"
"Intel Xeon CPU E5-2696 v4 @ 2.20GHz","288.7","5"
"2X Intel Xeon CPU E5-2673 v3 @ 2.40GHz","288.44","1"
"2X Intel Xeon Gold 5118 CPU @ 2.30GHz","286.36","1"
"13th Gen Intel Core i5-13600KF","284.86","96"
"2X Intel Xeon CPU E5-2666 v3 @ 2.90GHz","284.81","2"
"AMD Ryzen AI 9 HX 375 w/ Radeon 890M","283.94","5"
"Intel Core i7-14650HX","281.97","90"
"2X Genuine Intel CPU 0000 @ 2.00GHz","280.6","1"
"AMD EPYC 9015 8-Core Processor","280.43","1"
"Intel Core i7-12700K","279.57","163"
"AMD Ryzen AI 9 HX PRO 375 w/ Radeon 890M","279.3","3"
"2X Intel Xeon CPU E5-2630 v4 @ 2.20GHz","278.1","2"
"Intel Core i7-12700KF","277.64","136"
"Apple M5","277.02","19"
"13th Gen Intel Core i7-13700F","276.17","32"
"Intel Xeon w5-2445","275.27","2"
"Intel Core i7-14700","274.86","60"
"AMD Ryzen AI 9 H 365 w/ Radeon 880M","274.27","5"
"Intel Core i9-9960X CPU @ 3.10GHz","273.28","2"
"Intel Xeon Silver 4410T","272.91","1"
"Intel Xeon CPU E5-2699 v4 @ 2.20GHz","272.69","5"
"AMD Ryzen 7 7700X 8-Core Processor","272.52","338"
"4X AMD Opteron(tm) Processor 6380","271.33","1"
"2X AMD EPYC 7302 16-Core Processor","271.21","1"
"Intel Core i5-12600KF","269.35","102"
"Intel Xeon Gold 6138 CPU @ 2.00GHz","268.08","1"
"2X Intel Xeon Gold 6234 CPU @ 3.30GHz","264.7","1"
"Intel Core i9-7920X CPU @ 2.90GHz","264.21","3"
"Intel Xeon Processor (Icelake)","264.17","6"
"Intel Xeon Gold 6148 CPU @ 2.40GHz","263.89","1"
"AMD RYZEN AI MAX PRO 385 w/ Radeon 8050S","263.52","1"
"13th Gen Intel CoreT i9-13900H","263.01","1"
"2X Intel Xeon Gold 6348 CPU @ 2.60GHz","262.05","1"
"AMD Ryzen 7 7700 8-Core Processor","260.98","343"
"Intel Xeon W-2195 CPU @ 2.30GHz","260.84","1"
"Intel Xeon Gold 6226R CPU @ 2.90GHz","260.3","2"
"Intel Xeon CPU E5-2698 v4 @ 2.20GHz","259.59","1"
"Intel Core i9-7960X CPU @ 2.80GHz","259.57","6"
"AMD Ryzen 9 3900XT 12-Core Processor","259.33","12"
"AMD Ryzen 9 3900X 12-Core Processor","258.33","213"
"Genuine Intel 0000","257.33","33"
"AMD Ryzen Threadripper 2950X 16-Core Processor","256.98","4"
"AMD Ryzen 7 7800X3D 8-Core Processor","256.25","738"
"Apple M2 Max","255.92","86"
"Intel Core i9-9980XE CPU @ 3.00GHz","255.46","3"
"Snapdragon X Elite - X1E78100 - Qualcomm Oryon CPU","255.35","10"
"AMD EPYC 7282 16-Core Processor","255.2","3"
"Intel Xeon W-2265 CPU @ 3.50GHz","252.53","1"
"Intel Core i9-12900E","252.41","2"
"2X Intel Xeon CPU E5-2696 v2 @ 2.50GHz","251.49","1"
"Intel Core 9 270H","251.44","2"
"Intel Xeon W-2275 CPU @ 3.30GHz","250.65","1"
"Snapdragon X 12-core X1E80100 @ 3.40 GHz","249.47","9"
"Intel Core i9-10920X CPU @ 3.50GHz","249.45","11"
"2X Intel Xeon CPU E5-2660 v3 @ 2.60GHz","249.28","2"
"AMD EPYC 9455P 48-Core Processor","248.95","22"
"Intel Core i5-14600","248.27","1"
"Intel Core i7-12700F","248.02","38"
"AMD Ryzen 7 8745HS w/ Radeon 780M Graphics","247.63","10"
"AMD Ryzen 7 8700G w/ Radeon 780M Graphics","247.44","46"
"2X Intel Xeon Silver 4116 CPU @ 2.10GHz","245.19","1"
"2X Intel Xeon Gold 6134 CPU @ 3.20GHz","245.09","1"
"INTEL XEON GOLD 6542Y","243.86","1"
"Intel Core i9-9940X CPU @ 3.30GHz","241.43","2"
"AMD Ryzen 9 3900 12-Core Processor","241.04","6"
"Intel Core i7-12850HX","240.96","4"
"AMD Ryzen 7 7745HX with Radeon Graphics","240.48","20"
"AMD Ryzen Threadripper 1950X 16-Core Processor","240.31","23"
"2X Intel Xeon Silver 4114 CPU @ 2.20GHz","240.01","2"
"2X Intel Xeon Gold 6146 CPU @ 3.20GHz","239.79","2"
"Intel Xeon CPU E5-2695 v4 @ 2.10GHz","239.58","6"
"Intel Xeon Gold 6242 CPU @ 2.80GHz","238.77","1"
"Intel Core i7-12800HX","238.3","7"
"Intel Xeon CPU E5-2697 v4 @ 2.30GHz","238.25","25"
"Intel Xeon Silver 4314 CPU @ 2.40GHz","238","1"
"8X Intel Core Ultra 7 265K","237.85","1"
"Intel Core Ultra 9 285H","237.67","62"
"Intel Core i9-7940X CPU @ 3.10GHz","237.3","2"
"AMD Ryzen 5 9600X 6-Core Processor","235.64","341"
"AMD Ryzen 7 7840HS with Radeon 780M Graphics","235.42","22"
"Intel Core i9-10940X CPU @ 3.30GHz","235.34","2"
"Snapdragon X Elite - X1E84100 - Qualcomm Oryon CPU","234.09","2"
"AMD Ryzen 9 5900 12-Core Processor","233.65","1"
"Intel Xeon E E-2468","233.56","1"
"AMD Ryzen 7 255 w/ Radeon 780M Graphics","233.39","12"
"2X AMD EPYC 7B13 64-Core Processor","232.03","1"
"Intel Xeon CPU E5-2673 v4 @ 2.30GHz","231.62","3"
"Intel Core i7-12700T","231.49","1"
"13th Gen Intel Core i5-13500","230.85","32"
"AMD EPYC-Rome-v4 Processor (no XSAVES)","229.42","1"
"AMD Ryzen 7 H 255 w/ Radeon 780M Graphics","228.61","4"
"AMD Ryzen 7 8700F 8-Core Processor","228.57","43"
"2X Intel Xeon CPU E5-2630L v4 @ 1.80GHz","228.2","1"
"Intel Core i9-12950HX","228.1","5"
"Intel Xeon Silver 4410Y","228.09","1"
"AMD Ryzen 7 260 w/ Radeon 780M Graphics","227.58","12"
"AMD Ryzen 9 PRO 3900 12-Core Processor","227.29","1"
"AMD Ryzen AI 7 PRO 350 w/ Radeon 860M","226.9","6"
"Intel Xeon CPU E5-2697A v4 @ 2.60GHz","226.4","15"
"2X Intel Xeon CPU E5-2650 v3 @ 2.30GHz","226.39","4"
"Intel Xeon CPU E5-2696 v3 @ 2.30GHz","225.94","8"
"2X Intel Xeon Silver 4210 CPU @ 2.20GHz","225.16","2"
"Intel Core i7-12700","224.83","64"
"Intel Core i9-12900T","224.73","1"
"Apple M4","224.72","477"
"13th Gen Intel Core i7-13650HX","224.4","138"
"Apple M3 Pro","224.34","113"
"AMD Eng Sample: 100-000000954-50_Y","224.31","3"
"AMD Ryzen 9 7940HS w/ Radeon 780M Graphics","223.93","61"
"AMD Ryzen Threadripper 2920X 12-Core Processor","223.72","1"
"AMD Ryzen 9 8945H w/ Radeon 780M Graphics","223.58","4"
"13th Gen Intel Core i7-13700HX","223.32","54"
"Intel Core Ultra 5 230F","222.64","9"
"Intel Xeon Silver 4310 CPU @ 2.10GHz","222.45","3"
"AMD Ryzen 5 9600 6-Core Processor","221.97","2"
"Intel Core Ultra 5 225","221.91","3"
"AMD EPYC 7281 16-Core Processor","221.8","1"
"AMD Ryzen AI 9 365 w/ Radeon 880M","220.76","35"
"Intel Core i9-10850K CPU @ 3.60GHz","220.62","75"
"2X Intel Xeon CPU E5-2640 v3 @ 2.60GHz","220.55","5"
"Intel Core i5-12600K","219.6","96"
"Intel Core Ultra 7 265H","218.96","14"
"Intel Core i7-14700T","218.56","2"
"AMD Ryzen Threadripper 1920X 12-Core Processor","217.53","6"
"AMD Ryzen 9 270 w/ Radeon 780M Graphics","217.49","5"
"AMD Ryzen 5 9500F 6-Core Processor","217.19","3"
"Snapdragon X 10-core X1P64100 @ 3.40 GHz","216.7","7"
"13th Gen Intel Core i5-13600","216.49","5"
"13th Gen Intel Core i9-13905H","215.69","2"
"AMD Ryzen 7 8745H w/ Radeon 780M Graphics","215.65","2"
"Intel Core i9-10900K CPU @ 3.70GHz","215.63","75"
"Intel Xeon Gold 6222V CPU @ 1.80GHz","214.45","1"
"AMD Ryzen 7 250 w/ Radeon 780M Graphics","214.3","7"
"Intel Core Ultra 7 255H","213.96","20"
"Intel Core Ultra 5 225F","213.75","8"
"Intel Core i9-12900","213.7","8"
"AMD Ryzen 7 5700X 8-Core Processor","212.98","991"
"AMD Ryzen 7 H 260 w/ Radeon 780M Graphics","212.64","2"
"Intel Core Ultra 9 185H","212.29","105"
"Intel Xeon CPU E5-2699 v3 @ 2.30GHz","210.97","17"
"AMD Ryzen 7 5800XT 8-Core Processor","210.37","122"
"Intel Core i5-14500","209.16","19"
"AMD Ryzen 7 7840HS w/ Radeon 780M Graphics","209.12","74"
"AMD Ryzen 9 8945HS w/ Radeon 780M Graphics","209.07","39"
"Intel Xeon E-2388G CPU @ 3.20GHz","208.79","1"
"AMD Ryzen 7 8845HS w/ Radeon 780M Graphics","207.77","135"
"AMD Ryzen 7 PRO 7840HS w/ Radeon 780M Graphics","207.51","1"
"Apple M1 Max","207.16","136"
"2X Intel Xeon Platinum 8470","206.74","1"
"Intel Core i9-10900KF CPU @ 3.70GHz","204.64","18"
"AMD Ryzen 7 5700G with Radeon Graphics","204.35","2"
"Intel Xeon W-3235 CPU @ 3.30GHz","203.59","14"
"Apple M2 Pro","203.24","68"
"Snapdragon X Elite - X1E80100 - Qualcomm Oryon CPU","202.89","9"
"Intel Core i9-9900X CPU @ 3.50GHz","202.82","2"
"AMD Ryzen 7 5800X3D 8-Core Processor","202.81","254"
"13th Gen Intel Core i5-13450HX","202.05","113"
"2X Intel Xeon CPU E5-2697 v2 @ 2.70GHz","201.96","3"
"Intel Xeon CPU E5-2682 v4 @ 2.50GHz","201.88","1"
"AMD Ryzen 7 5800X 8-Core Processor","201.47","534"
"Intel Xeon w3-2435","200.99","2"
"Intel Core i9-11900K @ 3.50GHz","200","39"
"Intel Core Ultra 5 225H","199.93","13"
"AMD Ryzen 9 7940H w/ Radeon 780M Graphics","199.77","2"
"AMD Ryzen 5 7600X 6-Core Processor","199.56","328"
"2X Intel Xeon CPU E5-2690 v2 @ 3.00GHz","198.75","8"
"Intel Xeon CPU E5-2690 v4 @ 2.60GHz","198.73","22"
"AMD Ryzen 9 PRO 7940HS w/ Radeon 780M Graphics","198.5","3"
"AMD Ryzen AI Z2 Extreme","198.02","1"
"AMD Ryzen AI 7 350 w/ Radeon 860M","197.66","43"
"Intel Core i5-14450HX","197.44","3"
"Intel Core i9-10910 CPU @ 3.60GHz","197.3","8"
"AMD Ryzen Threadripper 2920X 12-Core Processor","197.11","7"
"AMD Ryzen 5 7600 6-Core Processor","196.41","177"
"Intel Core i9-9920X CPU @ 3.50GHz","195.12","1"
"2X Intel Xeon CPU E5-2680 v2 @ 2.80GHz","193.15","4"
"AMD Ryzen 5 7600X3D 6-Core Processor","193.02","26"
"Intel Xeon CPU E5-2697 v3 @ 2.60GHz","192.94","19"
"Intel Xeon W-1390P @ 3.50GHz","192.49","2"
"13th Gen Intel Core i7-13800H","192","8"
"13th Gen Intel Core i9-13900H","191.87","154"
"AMD Ryzen 5 7500F 6-Core Processor","191.49","168"
"Intel Core Ultra 5 235H","191.49","1"
"Intel Core i5-14400","191.42","19"
"13th Gen Intel Core i5-13400F","191.15","87"
"2X Intel Xeon CPU E5-2687W v2 @ 3.40GHz","190.32","1"
"AMD Ryzen 5 7500X3D 6-Core Processor","190.12","2"
"AMD Ryzen 7 7840U w/ Radeon  780M Graphics","189.76","22"
"Intel Xeon W-2150B CPU @ 3.00GHz","189.23","3"
"Intel Core i9-9820X CPU @ 3.30GHz","189.23","2"
"Intel Xeon W-2175 CPU @ 2.50GHz","189.11","2"
"AMD Ryzen 7 7735H with Radeon Graphics","189.04","3"
"Intel Xeon CPU E5-2680 v4 @ 2.40GHz","188.36","53"
"Intel Core i9-11900KF @ 3.50GHz","188.27","29"
"Intel Xeon W-2255 CPU @ 3.70GHz","188.13","5"
"Intel Xeon CPU E5-2698 v3 @ 2.30GHz","187.87","7"
"AMD Ryzen 7 5800 8-Core Processor","187.33","6"
"AMD Ryzen 7 5700X3D 8-Core Processor","187.2","305"
"Intel Core i7-11700K @ 3.60GHz","187.07","42"
"Intel Core Ultra 7 165H","187.03","17"
"Intel Core i5-14400F","186.95","66"
"13th Gen Intel Core i5-13400","186.55","25"
"AMD Ryzen 5 PRO 7640HS w/ Radeon 760M Graphics","186.39","1"
"Intel Core i9-12900HX","186.29","10"
"AMD Ryzen 7 5700","185.78","22"
"Intel Xeon CPU E5-2687W v4 @ 3.00GHz","185.69","3"
"Intel Core i5-14500HX","185.66","14"
"AMD Ryzen 7 PRO 8840HS w/ Radeon 780M Graphics","185.57","7"
"AMD Ryzen 7 8845H w/ Radeon 780M Graphics","184.51","3"
"Genuine Intel CPU 0000 @ 2.60GHz","184.42","3"
"Intel Xeon Gold 6130 CPU @ 2.10GHz","184.09","1"
"Intel Core i9-12900H","184.03","44"
"AMD Ryzen 7 PRO 3700 8-Core Processor","184.03","1"
"AMD Ryzen 7 PRO 6850H with Radeon Graphics","183.09","21"
"13th Gen Intel CoreT i9-13900HK","182.99","1"
"13th Gen Intel Core i9-13900HK","182.96","5"
"Intel Core i9-9900KS CPU @ 4.00GHz","181.81","4"
"AMD Ryzen 5 240 w/ Radeon 760M Graphics","181.21","1"
"AMD Ryzen 5 7400F 6-Core Processor","181.15","4"
"AMD Ryzen 7 5700G with Radeon Graphics","180.77","141"
"AMD Ryzen 7 3800XT 8-Core Processor","180.49","12"
"AMD Ryzen 5 5600X3D 6-Core Processor","180.46","38"
"AMD Ryzen 5 7640U w/ Radeon 760M Graphics","180.13","5"
"AMD Ryzen 7 8745H with Radeon 780M Graphics","180.05","2"
"Genuine Intel 0000 @ 1.80GHz","179.85","4"
"Intel Core i7-11700KF @ 3.60GHz","179.61","11"
"AMD Ryzen Threadripper PRO 3945WX 12-Cores","179.49","5"
"Intel Core i7-12700H","179.42","143"
"AMD Ryzen 9 6900HX with Radeon Graphics","179.3","18"
"Intel Core i7-6950X CPU @ 3.00GHz","179.14","12"
"Snapdragon X Plus - X1P42100 - Qualcomm Oryon CPU","177.93","6"
"Intel Core i9-12900HK","177.83","15"
"13th Gen Intel Core i5-13500HX","177.4","14"
"Intel Core i9-10900X CPU @ 3.70GHz","177.19","9"
"AMD EPYC 8024P 8-Core Processor","177.01","1"
"2X 13th Gen Intel Core i7-13850HX","176.34","1"
"AMD Ryzen 5 8400F 6-Core Processor","176.22","34"
"2X Intel Xeon Gold 6128 CPU @ 3.40GHz","175.99","1"
"AMD Ryzen 7 3800X 8-Core Processor","175.31","65"
"Apple Silicon","175.06","4"
"AMD EPYC 9684X 96-Core Processor","174.83","14"
"Intel Xeon W-2155 CPU @ 3.30GHz","174.82","2"
"Intel Core i7-10700K CPU @ 3.80GHz","174.77","80"
"AMD Ryzen 5 8600G w/ Radeon 760M Graphics","174.45","43"
"AMD Ryzen 7 7435HS","174.37","126"
"Intel Core i7-12650HX","174.18","2"
"AMD Ryzen 9 PRO 6950H with Radeon Graphics","172.91","3"
"AMD Ryzen 9 6900HS with Radeon Graphics","172.69","43"
"AMD Ryzen 7 6800HS with Radeon Graphics","172.61","3"
"AMD Ryzen 7 8840U w/ Radeon 780M Graphics","172.32","13"
"2X Intel Xeon CPU E5-2667 v2 @ 3.30GHz","171.49","3"
"AMD Ryzen 7 7735HS with Radeon Graphics","171.13","88"
"Intel Xeon CPU E5-2658 v4 @ 2.30GHz","170.88","1"
"Intel Core i9-10900F CPU @ 2.80GHz","170.87","10"
"13th Gen Intel Core i5-13500T","170.27","2"
"AMD Ryzen 7 3700X 8-Core Processor","169.37","195"
"Snapdragon X - X126100 - Qualcomm Oryon CPU","168.99","7"
"13th Gen Intel Core i5-13490F","167.88","4"
"Intel Xeon W-10885M CPU @ 2.40GHz","167.76","1"
"AMD Ryzen Z1 Extreme","167.62","44"
"AMD Ryzen 7 8840HS w/ Radeon 780M Graphics","167.46","18"
"AMD RYZEN AI MAX PRO 380 w/ Radeon 8040S","167.36","1"
"Intel Core i9-9900K CPU @ 3.60GHz","167.23","156"
"Intel Core i9-11900F @ 2.50GHz","166.69","3"
"Intel Core i7-10700KF CPU @ 3.80GHz","166","16"
"Intel Core 7 240H","165.88","8"
"AMD Ryzen 5 7640HS w/ Radeon 760M Graphics","165.18","11"
"Intel Core i7-7820X CPU @ 3.60GHz","164.7","22"
"Intel Core i5-12600HX","164.7","5"
"Apple M1 Pro","163.94","153"
"Intel Xeon E-2378 CPU @ 2.60GHz","163.9","2"
"Intel Core i5-12600","163.53","4"
"2X Intel Xeon CPU E5-2650 v2 @ 2.60GHz","162.74","1"
"AMD Ryzen 7 6800H with Radeon Graphics","162.39","40"
"AMD Ryzen 5 8500G w/ Radeon 740M Graphics","162.27","33"
"Intel Xeon Silver 4309Y CPU @ 2.80GHz","162","1"
"13th Gen Intel Core i7-13620H","161.99","142"
"AMD Ryzen 9 5900HX with Radeon Graphics","161.39","49"
"Intel Xeon W-11955M CPU @ 2.60GHz","160.4","9"
"AMD Ryzen 7 5700GE with Radeon Graphics","160.3","1"
"Genuine Intel CPU 0000 @ 2.80GHz","160.11","6"
"AMD Ryzen 5 8645HS w/ Radeon 760M Graphics","159.86","20"
"13th Gen Intel Core i7-13700H","159.14","66"
"AMD Ryzen 7 PRO 6850U with Radeon Graphics","158.26","2"
"AMD Ryzen AI 5 340 w/ Radeon 840M","157.96","5"
"Intel Xeon CPU E5-2690 v3 @ 2.60GHz","157.82","2"
"2X Intel Xeon Silver 4110 CPU @ 2.10GHz","157.32","3"
"Intel Core i9-7900X CPU @ 3.30GHz","157.3","5"
"Intel Core i9-10900 CPU @ 2.80GHz","156.26","7"
"Apple M3","156.1","124"
"Intel Xeon W-2245 CPU @ 3.90GHz","156.07","1"
"AMD EPYC 4124P 4-Core Processor","155.63","2"
"AMD Ryzen 7 6800U with Radeon Graphics","154.96","10"
"Intel Core i7-11700F @ 2.50GHz","154.66","38"
"AMD Ryzen 7 7840U w/ Radeon 780M Graphics","154.59","2"
"AMD Ryzen 7 PRO 7840U w/ Radeon 780M Graphics","154.4","21"
"AMD Ryzen 7 PRO 4750G with Radeon Graphics","154.32","2"
"Intel Core i5-12490F","154.19","3"
"Intel Core i9-9900KF CPU @ 3.60GHz","153.99","12"
"AMD Ryzen 5 8640HS w/ Radeon 760M Graphics","153.52","5"
"AMD EPYC 7252 8-Core Processor","153","1"
"Intel Core i9-11950H @ 2.60GHz","152.62","12"
"Intel Core i5-12500","152.11","10"
"Intel Xeon W-2140B CPU @ 3.20GHz","151.29","10"
"AMD Ryzen 5 5600XT 6-Core Processor","150.72","6"
"Intel Core i5-12400F","150.2","183"
"2X Intel Xeon CPU E5-2620 v3 @ 2.40GHz","149.73","2"
"Intel Core i5-12400","149.21","67"
"Intel Core Ultra 7 155H","148.88","155"
"Intel Core i9-9900 CPU @ 3.10GHz","148.87","7"
"Intel Xeon CPU E5-2670 v3 @ 2.30GHz","148.74","6"
"2X Intel Xeon CPU E5-2630 v3 @ 2.40GHz","148.63","3"
"Intel Xeon CPU E5-2689 v4 @ 3.10GHz","148.54","23"
"Intel Xeon Gold 6244 CPU @ 3.60GHz","148.4","1"
"Intel Xeon CPU E5-2680 v3 @ 2.50GHz","147.88","8"
"Intel Xeon CPU E5-1660 v3 @ 3.00GHz","147.81","8"
"Snapdragon X Plus (8-core) @ 3.30 GHz","147.42","2"
"13th Gen Intel Core i5-13500H","147.29","22"
"Intel Xeon E-2286M  CPU @ 2.40GHz","147.19","2"
"AMD Ryzen 9 5900HS with Radeon Graphics","146.99","14"
"Intel Xeon CPU E5-2683 v4 @ 2.10GHz","146.96","2"
"AMD Ryzen 5 PRO 8640HS w/ Radeon 760M Graphics","146.73","2"
"Intel Core i5-12600H","146.34","1"
"AMD Ryzen 5 5600X 6-Core Processor","146.23","525"
"AMD Ryzen 7 7735U with Radeon Graphics","146.16","3"
"Genuine Intel CPU 0000 @ 2.10GHz","145.95","1"
"Intel Xeon Silver 4214 CPU @ 2.20GHz","145.44","1"
"AMD Ryzen 5 5500X3D 6-Core Processor","145.35","2"
"2X Intel Xeon CPU E5-2687W 0 @ 3.10GHz","145.13","4"
"Intel Core i9-11900KB @ 3.30GHz","145.1","6"
"Intel Core i7-6900K CPU @ 3.20GHz","145.08","2"
"AMD Ryzen 5 5600 6-Core Processor","145.03","213"
"AMD Ryzen 7 PRO 8840U w/ Radeon 780M Graphics","144.33","8"
"AMD Ryzen AI 7 PRO 360 w/ Radeon 880M","143.83","9"
"Intel Core i7-10700F CPU @ 2.90GHz","143.76","18"
"AMD Ryzen 5 5600T 6-Core Processor","143.64","4"
"AMD Ryzen 5 5500GT with Radeon Graphics","143.19","5"
"AMD Ryzen 9 4900H with Radeon Graphics","143.17","4"
"Intel Core i7-11700 @ 2.50GHz","143.07","24"
"Intel Core i7-10700 CPU @ 2.90GHz","142.83","44"
"Intel Xeon CPU E5-2678 v3 @ 2.50GHz","142.57","5"
"Intel Core i7-12650H","142.56","59"
"2X Intel Xeon CPU E5-2670 0 @ 2.60GHz","142.4","3"
"AMD Ryzen 7 5800H with Radeon Graphics","142.32","139"
"AMD Ryzen 7 PRO 4750GE with Radeon Graphics","142.23","2"
"AMD Ryzen 5 5600G with Radeon Graphics","142.16","317"
"AMD Ryzen 7 2700X Eight-Core Processor","142.06","87"
"Intel Xeon CPU E5-2666 v3 @ 2.90GHz","141.96","12"
"2X Intel Xeon CPU E5-2643 v2 @ 3.50GHz","141.86","3"
"Intel Core i5-12500H","141.71","104"
"Intel Xeon CPU E5-2650 v4 @ 2.20GHz","141.71","10"
"Intel Core Ultra 5 228V","141.16","2"
"Intel Core i5-11600K @ 3.90GHz","140.93","20"
"Intel Xeon Gold 5118 CPU @ 2.30GHz","140.71","1"
"Intel Xeon W-11865MRE @ 2.60GHz","140.39","3"
"Intel Core Ultra 5 125H","139.96","24"
"AMD Ryzen 7 4800HS with Radeon Graphics","139.86","3"
"Intel Core i5-11600KF @ 3.90GHz","139.79","5"
"AMD Ryzen 7 1800X Eight-Core Processor","139.39","22"
"Intel Xeon W-2145 CPU @ 3.70GHz","139.05","5"
"Intel Core i7-12800H","138.63","8"
"Intel Xeon CPU E5-2667 v4 @ 3.20GHz","138.59","15"
"AMD Ryzen Threadripper 1900X 8-Core Processor","138.55","1"
"Intel Xeon E-2336 CPU @ 2.90GHz","138.54","2"
"Intel Xeon Silver 4210 CPU @ 2.20GHz","138.29","1"
"Intel Core i7-11850H @ 2.50GHz","137.88","23"
"Intel Core i9-11980HK @ 2.60GHz","137.81","4"
"Intel Xeon CPU E5-2676 v3 @ 2.40GHz","137.79","2"
"AMD Ryzen 7 4800H with Radeon Graphics","137.68","55"
"AMD Ryzen 7 5800HS with Radeon Graphics","137.21","17"
"2X Genuine Intel CPU  @ 2.90GHz","137.09","1"
"Intel Core i9-9980HK CPU @ 2.40GHz","136.95","48"
"AMD Ryzen 5 3600XT 6-Core Processor","136.32","6"
"AMD Ryzen 5 PRO 5650G with Radeon Graphics","135.99","1"
"AMD Ryzen 9 4900HS with Radeon Graphics","135.82","8"
"Intel CC150 CPU @ 3.50GHz","135.53","5"
"Intel Core i7-9700K CPU @ 3.60GHz","135.12","122"
"AMD Ryzen 5 5600GT with Radeon Graphics","134.93","32"
"2X Intel Xeon CPU E5-2690 0 @ 2.90GHz","134.3","1"
"AMD Ryzen 7 7445HS w/ Radeon 740M Graphics","134.02","6"
"Intel Core i5-11500 @ 2.70GHz","133.72","4"
"Intel Core i7-9800X CPU @ 3.80GHz","133.59","1"
"AMD Ryzen 5 PRO 7540U w/ Radeon 740M Graphics","133.44","1"
"AMD Ryzen Z1","133.44","1"
"AMD Ryzen AI 5 PRO 340 w/ Radeon 840M","133.43","2"
"AMD Ryzen 5 3600X 6-Core Processor","133.41","54"
"2X Intel Xeon CPU           X5690  @ 3.47GHz","133.29","2"
"Intel Core i9-11900H @ 2.50GHz","133.08","16"
"Intel Xeon W-3223 CPU @ 3.50GHz","132.9","1"
"Intel Core i5-12450HX","132.7","77"
"13th Gen Intel Core i7-1370P","132.04","2"
"Intel Core 5 210H","131.86","23"
"AMD Ryzen 5 5500","131.78","151"
"AMD Ryzen 7 7730U with Radeon Graphics","131.37","27"
"AMD Eng Sample: 100-000000098-40_39/27_Y","130.8","1"
"AMD Ryzen 7 7840H with Radeon 780M Graphics","130.66","1"
"AMD Ryzen 7 5825U with Radeon Graphics","130.23","28"
"Intel Core Ultra 5 225U","129.91","2"
"2X Intel Xeon CPU           X5680  @ 3.33GHz","129.85","1"
"Intel Xeon CPU E5-2673 v3 @ 2.40GHz","129.47","2"
"Intel Core i7-11800H @ 2.30GHz","129.44","146"
"Intel Xeon CPU E5-1660 v4 @ 3.20GHz","129.43","3"
"AMD Ryzen 5 6600HS Creator Edition","128.89","2"
"AMD Ryzen 9 5980HX with Radeon Graphics","128.73","2"
"Genuine Intel CPU 0000 @ 2.40GHz","128.69","2"
"AMD Ryzen 5 220 w/ Radeon 740M Graphics","127.73","4"
"AMD Ryzen 7 5800U with Radeon Graphics","127.62","17"
"AMD Ryzen 5 PRO 3600 6-Core Processor","126.64","1"
"AMD Ryzen 7 2700 Eight-Core Processor","126.61","26"
"Intel Xeon CPU E5-2640 v4 @ 2.40GHz","126.49","3"
"Intel Xeon w3-2425","126.46","1"
"Intel Core Ultra 7 258V","126.06","65"
"AMD Ryzen 5 3600 6-Core Processor","125.9","321"
"Virtual CPU @ 3.41GHz","125.68","21"
"Intel Core Ultra 9 288V","125.43","14"
"Intel Core i9-9900T CPU @ 2.10GHz","125.37","2"
"AMD Ryzen 5 7545U w/ Radeon 740M Graphics","125.27","6"
"Intel Core i7-5960X CPU @ 3.00GHz","125.06","5"
"Intel Core i5-10500 CPU @ 3.10GHz","124.71","21"
"Intel Core i9-9880H CPU @ 2.30GHz","124.63","58"
"Intel Core i5-10600 CPU @ 3.30GHz","124.57","2"
"Intel Core i5-10600K CPU @ 4.10GHz","124.56","18"
"AMD Ryzen 7 1700X Eight-Core Processor","124.19","21"
"Intel Core i7-1280P","124.09","5"
"Intel Core i5-11400F @ 2.60GHz","124.05","67"
"Intel Core i7-9700KF CPU @ 3.60GHz","123.75","7"
"Intel Xeon CPU E5-2660 v3 @ 2.60GHz","123.68","3"
"2X Intel Xeon CPU E5-2650 0 @ 2.00GHz","123.6","1"
"Intel Core i5-10505 CPU @ 3.20GHz","123.24","1"
"2X Intel Xeon CPU           X5675  @ 3.07GHz","122.9","6"
"Intel Core Ultra 7 165U","121.4","2"
"Intel Core Ultra 7 256V","121.07","24"
"AMD Ryzen 5 PRO 4650G with Radeon Graphics","121.06","16"
"Intel Core i7-1270P","121.05","3"
"13th Gen Intel Core i5-13420H","120.5","117"
"Intel Core i5-11400 @ 2.60GHz","119.98","22"
"Intel Core i7-8700K CPU @ 3.70GHz","119.69","88"
"Intel Core i7-8086K CPU @ 4.00GHz","119.53","13"
"AMD Ryzen 7 4800U with Radeon Graphics","118.93","3"
"Intel Core i5-10600KF CPU @ 4.10GHz","118.59","12"
"AMD Ryzen 7 PRO 5850U with Radeon Graphics","118.51","14"
"AMD Ryzen 5 PRO 5650GE with Radeon Graphics","118.14","1"
"Intel Core i3-14100","118.04","2"
"Intel Core i7-7800X CPU @ 3.50GHz","117.69","4"
"AMD Ryzen 5 5560U with Radeon Graphics","117.63","5"
"Intel Xeon CPU E5-2697 v2 @ 2.70GHz","117.57","56"
"AMD Ryzen 5 4500 6-Core Processor","117.23","36"
"Intel Core Ultra 7 268V","116.39","17"
"13th Gen Intel Core i7-1365U","116.33","1"
"Intel Core Ultra 5 236V","116.22","3"
"Intel Core i7-10875H CPU @ 2.30GHz","116.08","18"
"AMD Ryzen 5 4600U with Radeon Graphics","115.97","2"
"AMD Ryzen 7 5700U with Radeon Graphics","115.64","45"
"AMD Ryzen 5 4600G with Radeon Graphics","115.63","23"
"Intel Core Ultra 5 235U","115.04","6"
"Intel Core i7-10870H CPU @ 2.20GHz","114.77","16"
"Intel Core i5-11260H @ 2.60GHz","114.62","5"
"AMD Ryzen 7 1700 Eight-Core Processor","114.13","16"
"Intel Core i5-10400 CPU @ 2.90GHz","113.66","30"
"AMD Ryzen 5 5600H with Radeon Graphics","113.42","76"
"AMD Ryzen 7 6800HS Creator Edition","113.29","5"
"Intel Xeon E-2176G CPU @ 3.70GHz","112.96","1"
"Intel Xeon CPU E5-2667 v3 @ 3.20GHz","112.68","7"
"Intel Xeon CPU E5-2630 v4 @ 2.20GHz","112.52","4"
"Intel Xeon Platinum 8444H","112.52","1"
"AMD Ryzen 5 7535U with Radeon Graphics","112.09","3"
"Intel Core i3-14100F","111.78","5"
"AMD Ryzen 5 6600H with Radeon Graphics","111.46","17"
"AMD Ryzen 7 PRO 4750U with Radeon Graphics","110.85","14"
"Intel Core i9-11900 @ 2.50GHz","109.97","5"
"AMD Ryzen 5 PRO 6650U with Radeon Graphics","109.91","6"
"Apple silicon","109.63","2"
"Intel Xeon w3-2423","109.29","2"
"AMD Ryzen 5 7535HS with Radeon Graphics","108.99","32"
"Intel Core i7-5930K CPU @ 3.50GHz","108.76","3"
"Intel Xeon CPU E5-2695 v2 @ 2.40GHz","108.71","1"
"AMD BC-250","108.61","10"
"Intel Xeon CPU E5-2696 v2 @ 2.50GHz","108.46","1"
"Intel Core i7-9700F CPU @ 3.00GHz","108.45","19"
"Intel Core i3-12100","108.45","13"
"Intel Core i5-10400F CPU @ 2.90GHz","108.35","57"
"Intel Core i7-8700 CPU @ 3.20GHz","107.95","80"
"13th Gen Intel Core i3-13100","107.41","4"
"Apple M2","107.23","144"
"Intel Core Ultra 5 226V","107.01","12"
"13th Gen Intel Core i7-1360P","106.52","17"
"Intel Xeon W-2135 CPU @ 3.70GHz","106.42","11"
"Intel Core i5-12450H","106.25","84"
"13th Gen Intel Core i5-1340P","105.57","8"
"Intel Xeon CPU E5-2640 v3 @ 2.60GHz","105.37","2"
"4X Intel Core i7-10870H CPU @ 2.20GHz","105.36","1"
"Intel Xeon CPU E5-1650 v3 @ 3.50GHz","105.14","5"
"Intel Xeon CPU E5-2470 v2 @ 2.40GHz","105","1"
"Intel Core i3-12100F","104.99","26"
"Intel Core i7-9700 CPU @ 3.00GHz","104.88","26"
"AMD Ryzen 5 2600X Six-Core Processor","104.54","22"
"AMD Ryzen 7 260 w/ Radeon 780M","104.21","1"
"Intel Xeon CPU E5-2690 v2 @ 3.00GHz","103.76","2"
"13th Gen Intel Core i3-13100F","103.6","3"
"AMD EPYC 7R13 Processor","103.41","2"
"Intel Core i7-6850K CPU @ 3.60GHz","102.9","4"
"Intel Core i5-11400H @ 2.70GHz","102.59","88"
"AMD Ryzen 5 6600U with Radeon Graphics","102.56","2"
"Intel Core i7-9750H CPU @ 2.60GHz","102.52","255"
"Intel Core i9-10885H CPU @ 2.40GHz","102.25","18"
"AMD Ryzen 5 PRO 8540U w/ Radeon 740M Graphics","102.24","2"
"Intel Xeon W-1250P CPU @ 4.10GHz","102.05","1"
"AMD Ryzen 5 4600H with Radeon Graphics","101.87","29"
"Intel Xeon CPU E5-2680 v2 @ 2.80GHz","101.67","2"
"Intel Core Ultra 5 135U","101.19","3"
"2X Intel Xeon CPU           E5645  @ 2.40GHz","100.99","1"
"Intel Core i7-6800K CPU @ 3.40GHz","100.95","9"
"AMD Ryzen 5 2600 Six-Core Processor","99.91","91"
"Intel Core i5-1240P","99.68","9"
"Intel Core i7-8700B CPU @ 3.20GHz","99.47","7"
"Intel Xeon CPU E5-2643 v4 @ 3.40GHz","99.42","3"
"AMD Ryzen 5 PRO 5675U with Radeon Graphics","99.2","2"
"AMD Ryzen 5 PRO 2600 Six-Core Processor","98.89","1"
"2X Intel Xeon Bronze 3204 CPU @ 1.90GHz","98.83","1"
"2X Intel Xeon Bronze 3106 CPU @ 1.70GHz","98.82","1"
"AMD Ryzen 5 7530U with Radeon Graphics","98.72","16"
"Intel Xeon CPU E5-2630 v3 @ 2.40GHz","97.82","2"
"Intel Xeon W-11855M CPU @ 3.20GHz","97.6","5"
"2X Intel Xeon CPU E5-2630 v2 @ 2.60GHz","97.37","2"
"AMD Ryzen 5 1600X Six-Core Processor","96.93","14"
"Intel Core i5-10500T CPU @ 2.30GHz","95.67","2"
"Intel Core i7-5820K CPU @ 3.30GHz","95.51","24"
"AMD Ryzen 5 1600 Six-Core Processor","95.13","46"
"Intel Xeon E-2186M  CPU @ 2.90GHz","95.11","1"
"Intel Xeon CPU E5-2650 v3 @ 2.30GHz","94.87","4"
"2X Intel Xeon CPU           X5650  @ 2.67GHz","94.65","5"
"2X Intel Xeon CPU           X5660  @ 2.80GHz","94.58","4"
"Intel Core i5-9600K CPU @ 3.70GHz","94.57","60"
"Intel Core i7-8700T CPU @ 2.40GHz","94.56","4"
"Apple M1","94.01","251"
"Intel Xeon CPU E5-1650 v4 @ 3.60GHz","93.08","7"
"Intel Core i7-10850H CPU @ 2.70GHz","92.73","21"
"Intel Core i7-10700T CPU @ 2.00GHz","92.59","5"
"Intel Xeon CPU E3-1275 v6 @ 3.80GHz","92.04","1"
"AMD Ryzen 5 PRO 5650U with Radeon Graphics","91.55","7"
"Intel Core i5-9600KF CPU @ 3.70GHz","90.76","26"
"Intel Core i7-1260P","90.64","29"
"Intel Xeon CPU E5-2620 v4 @ 2.10GHz","90.53","3"
"Intel Core i7-10750H CPU @ 2.60GHz","89.72","84"
"AMD Ryzen 3 3100 4-Core Processor","89.32","12"
"Intel Core i5-12500T","88.92","1"
"Intel Xeon CPU E5-2687W 0 @ 3.10GHz","88.26","1"
"AMD Ryzen 5 5500U with Radeon Graphics","88.18","48"
"AMD Ryzen 5 Microsoft Surface Edition","87.96","1"
"Intel Xeon W-10855M CPU @ 2.80GHz","87.77","2"
"4X AMD EPYC 9175F 16-Core Processor","87.74","1"
"Intel Core i7-9850H CPU @ 2.60GHz","87.11","31"
"Intel Core i3-1220P","87.07","4"
"Intel Xeon W-2133 CPU @ 3.60GHz","87.04","4"
"AMD Ryzen 7 5800HS Creator Edition","87.03","1"
"Intel Core Ultra 5 125U","86.97","15"
"Intel Xeon CPU E3-1270 v5 @ 3.60GHz","86.9","1"
"AMD Ryzen 5 PRO 7530U with Radeon Graphics","86.82","3"
"Virtual CPU @ 3.24GHz","86.67","5"
"AMD Ryzen 5 3500X 6-Core Processor","86.45","16"
"13th Gen Intel Core i7-1355U","86.39","26"
"Intel Core i5-9500F CPU @ 3.00GHz","86.09","1"
"Intel Core i5-8600K CPU @ 3.60GHz","85.87","26"
"Intel Xeon E-2126G CPU @ 3.30GHz","85.46","1"
"Intel Core Ultra 7 155U","85.15","18"
"Intel Xeon E-2276M  CPU @ 2.80GHz","85","1"
"Intel Xeon CPU E3-1275 v5 @ 3.60GHz","84.86","4"
"Intel Core i9-10900E CPU @ 2.80GHz","84.57","1"
"Intel Xeon CPU E5-2667 v2 @ 3.30GHz","84.05","7"
"Intel Core i5-1245UE","83.9","2"
"AMD Ryzen 3 3300X 4-Core Processor","83.78","5"
"Intel Core i9-10980HK CPU @ 2.40GHz","83.54","7"
"AMD Ryzen 5 5625U with Radeon Graphics","83.4","20"
"Virtual CPU @ 2.95GHz","83.4","3"
"Intel Core i7-3970X CPU @ 3.50GHz","83.29","1"
"Intel Core 7 150U","83.11","16"
"Intel Xeon CPU E5-1680 v2 @ 3.00GHz","82.76","4"
"Intel Core i9-8950HK CPU @ 2.90GHz","82.63","7"
"Intel Core i5-10500H CPU @ 2.50GHz","82.5","5"
"Intel Core i7-3930K CPU @ 3.20GHz","82.29","20"
"Intel Core i7-7700K CPU @ 4.20GHz","82.19","68"
"Intel Core 5 120U","82.14","17"
"AMD Ryzen 5 3500 6-Core Processor","81.89","9"
"2X Intel Xeon CPU           X5670  @ 2.93GHz","81.74","1"
"2X Intel Xeon CPU E5-2620 0 @ 2.00GHz","81.53","1"
"Intel Core i7-8750H CPU @ 2.20GHz","81.38","72"
"Intel Core i7-8850H CPU @ 2.60GHz","81.24","43"
"Intel Core i5-9500 CPU @ 3.00GHz","81.07","5"
"Intel Core i7-1185G7E @ 2.80GHz","80.91","1"
"Intel Core i5-10600T CPU @ 2.40GHz","80.78","1"
"QEMU Virtual CPU version 2.5+","80.75","6"
"Intel Core i5-1245U","80.5","5"
"AMD Ryzen 3 210 w/ Radeon 740M Graphics","80.47","1"
"AMD Ryzen 5 7235HS","80.43","21"
"Intel Core i7-1265U","80.19","4"
"Intel Xeon CPU E5-2689 0 @ 2.60GHz","80.05","4"
"AMD Ryzen 5 PRO 4650U with Radeon Graphics","79.86","14"
"AMD Ryzen 3 4100 4-Core Processor","79.78","1"
"Intel Core i3-10105T CPU @ 3.00GHz","79.68","1"
"Intel Core i5-8600 CPU @ 3.10GHz","79.3","11"
"Intel Core i5-8500 CPU @ 3.00GHz","78.46","26"
"Intel Core i7-6700K CPU @ 4.00GHz","77.89","50"
"Intel Xeon CPU E5-2620 v3 @ 2.40GHz","77.7","3"
"Intel Core Ultra 5 115U","77.13","1"
"Intel Xeon CPU E3-1281 v3 @ 3.70GHz","76.91","2"
"Intel Xeon E-2176M  CPU @ 2.70GHz","76.19","7"
"AMD 16X AMD Ryzen 7 4800H with Radeon Graphics","75.9","1"
"Intel Core Ultra 5 238V","75.8","2"
"Intel Core i5-9400F CPU @ 2.90GHz","75.76","53"
"AMD Ryzen 3 PRO 4350G with Radeon Graphics","75.61","4"
"AMD Ryzen 3 5300U with Radeon Graphics","75.34","22"
"Intel Core i5-9400 CPU @ 2.90GHz","75.07","13"
"AMD Ryzen 3 4300G with Radeon Graphics","75.06","1"
"Intel Core i5-8400 CPU @ 2.80GHz","74.45","19"
"4X 12th Gen Intel Core i5-12400","74.09","1"
"Intel Core i3-10105F CPU @ 3.70GHz","73.69","6"
"Intel Core i5-8500B CPU @ 3.00GHz","73.6","10"
"Intel Core i7-11375H @ 3.30GHz","73.55","2"
"Intel Xeon CPU E5-1650 v2 @ 3.50GHz","73.46","10"
"AMD Ryzen 3 7330U with Radeon Graphics","73.43","2"
"Intel Core i3-10100 CPU @ 3.60GHz","73.36","16"
"AMD Ryzen 5 5600U with Radeon Graphics","73.26","8"
"Intel Core i5-8400T CPU @ 1.70GHz","73.03","2"
"Intel Core i5-10400T CPU @ 2.00GHz","72.66","1"
"Intel Core i7-1255U","72.26","46"
"Intel Core i3-10100F CPU @ 3.60GHz","72.15","19"
"Intel Core i7-7700 CPU @ 3.60GHz","72.08","74"
"Intel Xeon CPU E5-2650 v2 @ 2.60GHz","71.99","3"
"AMD EPYC 7543P 32-Core Processor","71.88","6"
"AMD Ryzen 5 7430U with Radeon Graphics","71.84","8"
"Intel Xeon CPU E5-2690 0 @ 2.90GHz","71.81","4"
"Intel Core i3-10105 CPU @ 3.70GHz","71.77","4"
"Intel Xeon CPU E5-4620 v2 @ 2.60GHz","71.77","2"
"Intel Xeon CPU E3-1240 v5 @ 3.50GHz","71.47","4"
"AMD EPYC 7513 32-Core Processor","71.38","1"
"Intel Core i5-9400T CPU @ 1.80GHz","71.28","1"
"Intel Xeon Platinum 8259CL CPU @ 2.50GHz","71.19","2"
"AMD Ryzen 5 4500U with Radeon Graphics","70.84","14"
"Intel Core i7-4790K CPU @ 4.00GHz","70.62","57"
"Intel Core i7-9700T CPU @ 2.00GHz","70.1","1"
"Intel Core i7-10810U CPU @ 1.10GHz","69.95","2"
"AMD Ryzen 5 7520U with Radeon Graphics","69.18","36"
"2X QEMU Virtual CPU version 2.5+","69.07","3"
"Intel Xeon W-2223 CPU @ 3.60GHz","68.48","2"
"AMD Ryzen 5 3400GE with Radeon Vega Graphics","68.47","3"
"Intel Xeon W-2125 CPU @ 4.00GHz","68.45","3"
"AMD Ryzen 5 2500X Quad-Core Processor","68.33","1"
"Intel Core Ultra 5 135H","68.25","2"
"Intel Core i7-6700 CPU @ 3.40GHz","67.94","37"
"Intel Core i5-10400H CPU @ 2.60GHz","67.85","1"
"AMD Custom APU 0932","67.75","7"
"Intel Core i7-11370H @ 3.30GHz","67.57","20"
"Intel Xeon CPU E3-1270 v3 @ 3.50GHz","67.49","2"
"AMD Ryzen 3 PRO 4450U with Radeon Graphics","66.86","1"
"Intel Core i5-11320H @ 3.20GHz","66.67","7"
"AMD Ryzen 5 3400G with Radeon Vega Graphics","66.32","38"
"Intel Core i7-8559U CPU @ 2.70GHz","65.61","5"
"Intel Core i5-1235U","65.54","67"
"Intel Xeon CPU E5-2680 0 @ 2.70GHz","65.54","1"
"AMD Custom APU 0405","65.52","11"
"Intel Core i7-1195G7 @ 2.90GHz","65.47","4"
"Intel Xeon CPU E3-1230 v3 @ 3.30GHz","65.47","2"
"Intel Xeon CPU E5-4650 0 @ 2.70GHz","65.47","1"
"Intel Xeon CPU E5-1620 v4 @ 3.50GHz","65.43","1"
"AMD EPYC 74F3 24-Core Processor","65.31","2"
"13th Gen Intel Core i3-1315U","64.56","5"
"AMD 8X AMD Ryzen 3 5300U with Radeon Graphics","64.52","1"
"Intel Core i7-1068NG7 CPU @ 2.30GHz","64.04","13"
"Intel Xeon CPU E3-1245 v6 @ 3.70GHz","63.68","1"
"Intel Core i7-4770K CPU @ 3.50GHz","63.65","14"
"Intel Core i7-4930K CPU @ 3.40GHz","63.58","4"
"Intel Core i5-7600K CPU @ 3.80GHz","63.39","27"
"Intel Xeon W-2123 CPU @ 3.60GHz","63.3","5"
"Intel Xeon CPU           W3690  @ 3.47GHz","63.21","12"
"Intel Core i5-10300H CPU @ 2.50GHz","62.46","45"
"Intel Core i7-8569U CPU @ 2.80GHz","62.23","6"
"Intel Xeon CPU           X5660  @ 2.80GHz","61.94","8"
"Intel Core i7-4980HQ CPU @ 2.80GHz","61.47","3"
"Virtual CPU @ 2.00GHz","61.37","1"
"Intel Core i7-4790 CPU @ 3.60GHz","61.31","32"
"AMD Ryzen 5 PRO 2400G with Radeon Vega Graphics","61.23","2"
"AMD Ryzen 5 2400G with Radeon Vega Graphics","61.22","18"
"Intel Xeon CPU E5-1630 v3 @ 3.70GHz","60.78","2"
"Intel Core i7-7700HQ CPU @ 2.80GHz","60.61","86"
"Intel Xeon CPU E5-2660 0 @ 2.20GHz","60.42","1"
"AMD Ryzen 5 1500X Quad-Core Processor","60.26","6"
"Intel Core i7-4790S CPU @ 3.20GHz","60.2","2"
"AMD Ryzen 7 PRO 7730U with Radeon Graphics","60.08","1"
"AMD Ryzen 7 Microsoft Surface Edition","59.92","2"
"13th Gen Intel Core i5-1335U","59.89","21"
"Intel Core i7-4770 CPU @ 3.40GHz","59.79","24"
"2X Intel Xeon CPU           E5620  @ 2.40GHz","59.68","4"
"AMD Ryzen 5 PRO 2400GE w/ Radeon Vega Graphics","59.58","7"
"Intel Core i7-8809G CPU @ 3.10GHz","59.31","1"
"Intel Xeon CPU E3-1535M v6 @ 3.10GHz","58.91","2"
"Intel Xeon CPU E3-1246 v3 @ 3.50GHz","58.52","1"
"Intel Core i7-7700T CPU @ 2.90GHz","58.34","2"
"Intel Core i5-8500T CPU @ 2.10GHz","58.08","3"
"Intel Core i5-9300H CPU @ 2.40GHz","57.82","29"
"Intel Xeon CPU E5-2650 0 @ 2.00GHz","57.79","1"
"Intel Core i5-1038NG7 CPU @ 2.00GHz","57.76","17"
"Intel Xeon CPU E5-1620 v3 @ 3.50GHz","57.72","5"
"Intel Core 3 100U","57.69","1"
"Intel Xeon CPU E3-1276 v3 @ 3.60GHz","57.47","2"
"Intel Xeon CPU E3-1230 v5 @ 3.40GHz","57.46","2"
"Intel Core i7-6700T CPU @ 2.80GHz","57.41","6"
"13th Gen Intel Core i5-1334U","57.29","5"
"Intel Core i7-7820HK CPU @ 2.90GHz","57.24","3"
"Intel Core i5-6600K CPU @ 3.50GHz","57.22","23"
"2X Intel Xeon CPU           X5550  @ 2.67GHz","57.2","1"
"Intel Xeon CPU E3-1535M v5 @ 2.90GHz","57.13","2"
"Intel Core i7-7920HQ CPU @ 3.10GHz","56.63","3"
"Intel Core i7-8705G CPU @ 3.10GHz","56.61","5"
"Intel Xeon CPU           X5690  @ 3.47GHz","56.61","5"
"Intel Core i5-8300H CPU @ 2.30GHz","56.52","35"
"Intel Core i3-1215U","56.09","36"
"Intel Xeon E-2124G CPU @ 3.40GHz","55.95","2"
"Intel Xeon CPU E3-1505M v6 @ 3.00GHz","55.93","4"
"Intel Core i5-9300HF CPU @ 2.40GHz","55.68","5"
"Intel Core i3-9100F CPU @ 3.60GHz","55.67","15"
"Intel Core i7-6700HQ CPU @ 2.60GHz","55.62","24"
"Intel Core i7-4870HQ CPU @ 2.50GHz","55.59","12"
"Intel Core i7-1185G7 @ 3.00GHz","55.48","29"
"AMD Ryzen 5 PRO 3400G with Radeon Vega Graphics","55.17","1"
"AMD FX(tm)-9370 Eight-Core Processor","55.05","2"
"Intel Core i5-1155G7 @ 2.50GHz","54.72","12"
"Intel Core i7-6920HQ CPU @ 2.90GHz","54.7","3"
"Intel Xeon CPU           X5650  @ 2.67GHz","54.45","2"
"Intel Core i7-8557U CPU @ 1.70GHz","54.44","2"
"Intel Core i3-8100B CPU @ 3.60GHz","54.34","2"
"Genuine Intel CPU 0000 @ 2.20GHz","54.31","1"
"Intel Xeon CPU           W3680  @ 3.33GHz","54.17","1"
"Intel Core i3-8100T CPU @ 3.10GHz","54.15","3"
"Intel Core i5-1145G7 @ 2.60GHz","53.98","13"
"Intel Core i5-4690S CPU @ 3.20GHz","53.9","3"
"13th Gen Intel Core i5-1345U","53.72","2"
"Intel Xeon CPU E5-1650 0 @ 3.20GHz","53.7","3"
"Intel Core i3-10100T CPU @ 3.00GHz","53.66","2"
"Intel Xeon CPU E5-2609 v4 @ 1.70GHz","53.65","1"
"Intel Core i3-9100 CPU @ 3.60GHz","53.64","2"
"Intel Core i7-4770S CPU @ 3.10GHz","53.6","1"
"AMD Ryzen 7 PRO 3700U w/ Radeon Vega Mobile Gfx","53.58","7"
"AMD Ryzen 7 3750H with Radeon Vega Mobile Gfx","53.51","10"
"Intel Core i7-4940MX CPU @ 3.10GHz","53.35","1"
"Intel Xeon CPU E3-1265L v3 @ 2.50GHz","53.15","1"
"AMD Ryzen 5 1400 Quad-Core Processor","52.99","4"
"Intel Xeon Gold 6278C CPU @ 2.60GHz","52.98","1"
"AMD Ryzen 5 3550H with Radeon Vega Mobile Gfx","52.84","27"
"Intel Core i7 CPU       X 980  @ 3.33GHz","52.64","1"
"Intel Core i7-1165G7 @ 2.80GHz","52.37","121"
"Intel Core i5-5575R CPU @ 2.80GHz","52.34","2"
"Intel Core i5-11300H @ 3.10GHz","52.32","9"
"Intel Xeon CPU           X5675  @ 3.07GHz","52.25","5"
"Intel Core i7-6820HQ CPU @ 2.70GHz","51.52","15"
"Intel Core i5-8257U CPU @ 1.40GHz","51.3","13"
"Intel Core i7-4702MQ CPU @ 2.20GHz","51.3","1"
"Intel Xeon CPU E3-1505M v5 @ 2.80GHz","51.18","4"
"Intel Xeon CPU E3-1275L v3 @ 2.70GHz","51.17","2"
"AMD FX(tm)-8350 Eight-Core Processor","50.84","28"
"Intel Core i5-8259U CPU @ 2.30GHz","50.81","7"
"Intel Core i5-9500T CPU @ 2.20GHz","50.77","1"
"Intel Xeon CPU           X5670  @ 2.93GHz","50.46","2"
"AMD Ryzen 5 3350G with Radeon Vega Graphics","50.41","2"
"AMD Ryzen 7 3700U with Radeon Vega Mobile Gfx","50.03","6"
"Intel Core i7-7820HQ CPU @ 2.90GHz","49.92","10"
"AMD Ryzen 3 2200GE with Radeon Vega Graphics","49.89","1"
"Intel Core i5-4690K CPU @ 3.50GHz","49.88","10"
"Intel Core i5-4670K CPU @ 3.40GHz","49.8","5"
"Intel Xeon CPU E5-2637 v2 @ 3.50GHz","49.8","1"
"Intel Core i7-4930MX CPU @ 3.00GHz","49.67","5"
"Intel Core i7-4700HQ CPU @ 2.40GHz","49.52","3"
"Intel Core i7-4800MQ CPU @ 2.70GHz","49.01","1"
"Intel Core i7-3770K CPU @ 3.50GHz","48.99","20"
"Intel Core i5-4690 CPU @ 3.50GHz","48.52","4"
"Intel Core i7-4710HQ CPU @ 2.50GHz","48.49","4"
"Intel Core i7-4770HQ CPU @ 2.20GHz","48.38","5"
"Intel Core i7-4785T CPU @ 2.20GHz","48.3","2"
"AMD Ryzen 3 1300X Quad-Core Processor","48.09","1"
"AMD EPYC 7452 32-Core Processor","47.9","1"
"AMD Ryzen 7 3700C  with Radeon Vega Mobile Gfx","47.51","2"
"Intel Core i7-8665U CPU @ 1.90GHz","47.45","44"
"AMD Ryzen 7 4700U with Radeon Graphics","47.33","37"
"Intel Core i7-2600K CPU @ 3.40GHz","47.32","13"
"Intel Xeon Gold 6250 CPU @ 3.90GHz","47.03","1"
"Intel Core i7-3770 CPU @ 3.40GHz","47.02","53"
"Intel Core i5-7500 CPU @ 3.40GHz","46.97","23"
"Intel Core i7-3770S CPU @ 3.10GHz","46.89","2"
"AMD Ryzen 5 PRO 3500U w/ Radeon Vega Mobile Gfx","46.71","6"
"Intel Core i7-1250U","46.66","3"
"Intel Core i5-1135G7 @ 2.40GHz","46.54","115"
"AMD Ryzen 3 7320U with Radeon Graphics","46.5","2"
"Intel Core i7-4820K CPU @ 3.70GHz","46.43","1"
"Intel Xeon CPU E5-2620 v2 @ 2.10GHz","46.09","2"
"Intel Xeon CPU E3-1226 v3 @ 3.30GHz","45.99","1"
"Intel Xeon CPU E3-1231 v3 @ 3.40GHz","45.96","3"
"AMD FX-8370 Eight-Core Processor","45.95","4"
"Intel Core i5-6500 CPU @ 3.20GHz","45.84","30"
"Intel Core i7-4700MQ CPU @ 2.40GHz","45.72","4"
"Intel Core i7-8650U CPU @ 1.90GHz","45.7","30"
"4X Intel Xeon Gold 6132 CPU @ 2.60GHz","45.32","1"
"Intel Core i5-6600 CPU @ 3.30GHz","45.3","7"
"Intel Core i7-4850HQ CPU @ 2.30GHz","45.2","1"
"Intel Core i5-1035G4 CPU @ 1.10GHz","44.96","8"
"AMD Ryzen 3 3200G with Radeon Vega Graphics","44.82","24"
"Intel Xeon CPU E3-1245 V2 @ 3.40GHz","44.77","1"
"Intel Xeon CPU E3-1225 v5 @ 3.30GHz","44.64","1"
"Intel Core i5-8279U CPU @ 2.40GHz","44.42","6"
"Intel Core i5-6500T CPU @ 2.50GHz","44.4","4"
"Intel Core i5-7600 CPU @ 3.50GHz","44.22","3"
"Intel Core i7-4720HQ CPU @ 2.60GHz","44.2","6"
"2X Intel Xeon CPU E5-2609 0 @ 2.40GHz","43.59","1"
"Intel Core i5-7400 CPU @ 3.00GHz","43.46","20"
"13th Gen Intel Core i3-1305U","43.42","1"
"Intel Core i7-4710MQ CPU @ 2.50GHz","43.32","15"
"Intel Xeon CPU E5-1607 v4 @ 3.10GHz","42.84","1"
"AMD Ryzen Embedded V1605B with Radeon Vega Gfx","42.8","1"
"Intel Core i5-4590 CPU @ 3.30GHz","42.75","16"
"Intel Core i3-8100 CPU @ 3.60GHz","42.52","10"
"AMD EPYC 7V12 64-Core Processor","42.48","7"
"AMD EPYC-Genoa Processor","42.38","2"
"Intel Core i5-10310U CPU @ 1.70GHz","42.36","9"
"Intel Xeon CPU E5-1620 0 @ 3.60GHz","42.24","4"
"Intel Core i5-4670 CPU @ 3.40GHz","42.21","8"
"Intel Core i7-10510U CPU @ 1.80GHz","42.15","22"
"Intel Core i5-8350U CPU @ 1.70GHz","42.14","36"
"Intel Xeon W-1290 CPU @ 3.20GHz","42.04","1"
"AMD Ryzen 3 1200 Quad-Core Processor","41.84","6"
"Intel Core i7-4750HQ CPU @ 2.00GHz","41.8","3"
"Intel Core i7-2600 CPU @ 3.40GHz","41.77","15"
"4X Apple Silicon","41.5","1"
"Intel Core i5-10200H CPU @ 2.40GHz","41.42","2"
"Intel Core i7-8550U CPU @ 1.80GHz","41.37","23"
"4X Intel Xeon Platinum 8260 CPU @ 2.40GHz","41.23","1"
"Intel Core i5-4570 CPU @ 3.20GHz","41.22","10"
"Intel Core i5-8365U CPU @ 1.60GHz","41.08","9"
"Intel Core i3-N300","40.9","1"
"AMD Ryzen 3 2200G with Radeon Vega Graphics","40.84","6"
"Intel Core i7-8565U CPU @ 1.80GHz","40.66","21"
"Intel Xeon W-2102 CPU @ 2.90GHz","40.63","3"
"2X Intel Xeon CPU E5-2637 v3 @ 3.50GHz","40.63","1"
"AMD Ryzen 5 3500U with Radeon Vega Mobile Gfx","40.46","43"
"Intel Core i5-6300HQ CPU @ 2.30GHz","40.16","3"
"Intel Core i3-N305","40.06","6"
"Intel Core i5-6400 CPU @ 2.70GHz","39.91","9"
"Intel Core i5-3570 CPU @ 3.40GHz","39.89","21"
"Intel Core i7-3820QM CPU @ 2.70GHz","39.84","1"
"Intel Xeon CPU E3-1240 V2 @ 3.40GHz","39.73","1"
"Intel Core i7-3820 CPU @ 3.60GHz","39.58","1"
"Virtual CPU @ 2.99GHz","39.37","1"
"Intel Xeon CPU E3-1245 v3 @ 3.40GHz","39.14","1"
"4X Intel Xeon Silver 4310 CPU @ 2.10GHz","39.07","1"
"Intel Core i5-2550K CPU @ 3.40GHz","38.9","1"
"Intel Core i5-7440HQ CPU @ 2.80GHz","38.85","2"
"AMD FX(tm)-8320 Eight-Core Processor","38.76","4"
"Intel Core i7-4765T CPU @ 2.00GHz","38.71","2"
"Intel Core i3-7100 CPU @ 3.90GHz","38.64","8"
"Intel Xeon CPU E3-1220 v3 @ 3.10GHz","38.58","4"
"Intel Core i7-3632QM CPU @ 2.20GHz","38.41","3"
"Intel Core i7-3615QM CPU @ 2.30GHz","38.27","10"
"Intel Core i5-4440 CPU @ 3.10GHz","38.22","3"
"Intel Core i5-7300HQ CPU @ 2.50GHz","38.21","10"
"Intel Core i7-1065G7 CPU @ 1.30GHz","38.18","23"
"2X 12th Gen Intel Core i5-12450H","38.16","1"
"Intel Core i5-1035G1 CPU @ 1.00GHz","38.13","64"
"Intel Xeon CPU E3-1230 V2 @ 3.30GHz","38.01","4"
"Intel Pentium Gold 8505","37.65","4"
"Intel Core i7-3610QM CPU @ 2.30GHz","37.63","5"
"Intel Core i7-10610U CPU @ 1.80GHz","37.46","9"
"Intel Core i7-3720QM CPU @ 2.60GHz","37.38","3"
"Intel Core i3-9100T CPU @ 3.10GHz","37.3","2"
"AMD Ryzen 3 PRO 2200GE w/ Radeon Vega Graphics","37.21","1"
"Intel Core i5-4460  CPU @ 3.20GHz","37","11"
"AMD Ryzen 3 4300U with Radeon Graphics","36.77","1"
"Intel Xeon CPU E31270 @ 3.40GHz","36.74","2"
"Intel Core i5-8265U CPU @ 1.60GHz","36.68","27"
"Intel Core i5-6402P CPU @ 2.80GHz","36.61","1"
"Intel Core i5-3570K CPU @ 3.40GHz","36.37","11"
"Intel Core i7 CPU         940  @ 2.93GHz","36.36","6"
"Intel Core i7-11390H @ 3.40GHz","36.31","7"
"Intel Core i5-6440HQ CPU @ 2.60GHz","36.09","4"
"Intel Xeon CPU E5-2620 0 @ 2.00GHz","35.96","2"
"AMD FX-8320E Eight-Core Processor","35.94","3"
"Intel Xeon CPU E5-1620 v2 @ 3.70GHz","35.9","2"
"Intel Core i7-3630QM CPU @ 2.40GHz","35.86","6"
"Intel Core i7-1060NG7 CPU @ 1.20GHz","35.71","1"
"Intel Core i7 CPU         870  @ 2.93GHz","35.69","2"
"Intel Core i5-1030NG7 CPU @ 1.10GHz","35.63","5"
"Intel Core i7-3612QM CPU @ 2.10GHz","35.49","3"
"Intel Pentium CPU G4620 @ 3.70GHz","35.11","5"
"Intel Core i5-7500T CPU @ 2.70GHz","34.83","3"
"AMD Ryzen 5 2500U with Radeon Vega Mobile Gfx","34.6","7"
"AMD Ryzen 3 3300U with Radeon Vega Mobile Gfx","34.34","1"
"Intel Core i7 CPU         860  @ 2.80GHz","34.27","1"
"AMD FX(tm)-8120 Eight-Core Processor","33.65","2"
"Intel Core i5-8250U CPU @ 1.60GHz","33.54","47"
"Intel Core i5-1035G7 CPU @ 1.20GHz","33.49","5"
"AMD FX(tm)-8150 Eight-Core Processor","33.42","3"
"Intel Xeon CPU           X5550  @ 2.67GHz","33.03","1"
"Intel N150","32.92","13"
"Intel Core i7 CPU         960  @ 3.20GHz","32.76","1"
"Intel Core i7-7567U CPU @ 3.50GHz","32.63","2"
"Intel Xeon Platinum","32.59","7"
"AMD FX(tm)-8300 Eight-Core Processor","32.3","5"
"AMD Ryzen 5 PRO 4650GE with Radeon Graphics","32.24","1"
"Intel Core i5-3470 CPU @ 3.20GHz","32.18","24"
"Intel Xeon CPU E5-2670 0 @ 2.60GHz","32.11","1"
"AMD Ryzen Embedded V1756B with Radeon Vega Gfx","31.87","3"
"Intel Xeon CPU           W3530  @ 2.80GHz","31.72","3"
"Intel Core i5-6400T CPU @ 2.20GHz","31.35","2"
"AMD FX(tm)-9590 Eight-Core Processor","31.32","4"
"Intel Xeon Platinum 8168 CPU @ 2.70GHz","31.23","1"
"Intel Core i7-4600M CPU @ 2.90GHz","31.17","1"
"Intel N100","30.96","12"
"Intel Core i3-4330 CPU @ 3.50GHz","30.79","3"
"Intel Core i5-3475S CPU @ 2.90GHz","30.63","1"
"Intel Core i5-10210U CPU @ 1.60GHz","30.52","33"
"AMD FX(tm)-6300 Six-Core Processor","30.32","11"
"Intel Core i7-5600U CPU @ 2.60GHz","30.15","2"
"Intel Core i7 CPU         920  @ 2.67GHz","30.06","2"
"Intel Core i5-3450 CPU @ 3.10GHz","30.05","3"
"Intel Core i7-10710U CPU @ 1.10GHz","29.93","3"
"Intel Core i5-2500 CPU @ 3.30GHz","29.9","7"
"AMD Athlon 3000G with Radeon Vega Graphics","29.6","5"
"Intel Core i5-3470S CPU @ 2.90GHz","29.53","2"
"Intel Core i3-6100 CPU @ 3.70GHz","29.41","8"
"Intel Core i3-4130T CPU @ 2.90GHz","29.31","1"
"Intel N97","29.28","9"
"AMD Ryzen 3 2300X Quad-Core Processor","29.18","1"
"Intel Pentium Gold 7505 @ 2.00GHz","29.11","3"
"4X Virtual CPU @ 3.20GHz","29.1","1"
"Intel Core i5-4590S CPU @ 3.00GHz","28.83","2"
"Intel Core i5-3330 CPU @ 3.00GHz","28.73","7"
"Intel Core i7-7600U CPU @ 2.80GHz","28.63","11"
"AMD FX(tm)-6350 Six-Core Processor","28.37","5"
"Intel Core i5-2500S CPU @ 2.70GHz","28.26","1"
"Intel Core i5-4570T CPU @ 2.90GHz","28.13","1"
"Intel N95","27.84","10"
"Intel Core i5-4210M CPU @ 2.60GHz","27.67","3"
"Intel Core i7-6567U CPU @ 3.30GHz","27.37","2"
"Intel Core i5-5257U CPU @ 2.70GHz","27.3","2"
"Intel Core i7 CPU         950  @ 3.07GHz","27.26","3"
"Intel Core i5-2500K CPU @ 3.30GHz","27.18","4"
"Intel Core i5-2400 CPU @ 3.10GHz","27.15","4"
"Intel Core i5-6267U CPU @ 2.90GHz","26.93","1"
"Intel Core i5-3550 CPU @ 3.30GHz","26.73","5"
"Intel Core i3-1115G4 @ 3.00GHz","26.68","24"
"Intel Pentium CPU G4560 @ 3.50GHz","26.56","1"
"Intel Core i5-4200M CPU @ 2.50GHz","26.48","1"
"Intel Core i3-4130 CPU @ 3.40GHz","26.46","1"
"Intel Xeon Platinum 8272CL CPU @ 2.60GHz","26.43","1"
"Intel Core i5-4300U CPU @ 1.90GHz","26.18","1"
"Intel Core i7-2670QM CPU @ 2.20GHz","26.17","5"
"Intel Core i7-2630QM CPU @ 2.00GHz","26.01","3"
"Intel Xeon CPU           E5620  @ 2.40GHz","25.76","1"
"Intel Pentium Gold G5500T CPU @ 3.20GHz","25.54","1"
"Intel Core i3-8145U CPU @ 2.10GHz","25.44","18"
"Intel Core i3-6100T CPU @ 3.20GHz","25.28","1"
"4X Intel Xeon Silver 4110 CPU @ 2.10GHz","25.18","1"
"Intel Core i5-2320 CPU @ 3.00GHz","25.15","2"
"Intel Core i5-2300 CPU @ 2.80GHz","25.09","1"
"Intel Xeon CPU E5-2420 v2 @ 2.20GHz","24.89","1"
"Intel Core i5-5287U CPU @ 2.90GHz","24.83","3"
"Intel Core i5-7360U CPU @ 2.30GHz","24.58","16"
"Intel Core i7-4810MQ CPU @ 2.80GHz","24.44","1"
"Intel Core i7-7660U CPU @ 2.50GHz","24.31","2"
"Intel Pentium Gold G5420T CPU @ 3.20GHz","24.27","1"
"AMD Ryzen 3 PRO 2100GE w/ Radeon Vega Graphics","23.98","1"
"Intel Core i5-4308U CPU @ 2.80GHz","23.83","1"
"Intel Core i7 CPU       Q 740  @ 1.73GHz","23.82","2"
"Intel Xeon CPU           W3550  @ 3.07GHz","23.68","1"
"Intel Core i5-7300U CPU @ 2.60GHz","23.65","18"
"Intel Xeon CPU @ 2.20GHz","23.63","6"
"Intel Core i5-7267U CPU @ 3.10GHz","23.58","3"
"Microsoft SQ3","23.48","1"
"Intel Core i7-2760QM CPU @ 2.40GHz","23.47","1"
"AMD Athlon 200GE with Radeon Vega Graphics","23.28","2"
"AMD A10-7800 Radeon R7, 12 Compute Cores 4C+8G","23.16","4"
"Intel Core i3-10110U CPU @ 2.10GHz","22.98","4"
"Intel Core i5-6360U CPU @ 2.00GHz","22.68","2"
"Intel Core i5-4310M CPU @ 2.70GHz","22.68","1"
"Intel Core i3-4160 CPU @ 3.60GHz","22.57","6"
"Intel Core i3-7130U CPU @ 2.70GHz","22.53","1"
"Intel Core i5-3340M CPU @ 2.70GHz","22.51","1"
"Intel Core i7-6500U CPU @ 2.50GHz","22.43","10"
"Intel Core i7-5557U CPU @ 3.10GHz","22.27","2"
"Intel Core i7-5700HQ CPU @ 2.70GHz","22.24","1"
"Intel Core i5-4278U CPU @ 2.60GHz","22.07","6"
"AMD A10-7860K Radeon R7, 12 Compute Cores 4C+8G","21.98","1"
"AMD A8-5600K APU with Radeon(tm) HD Graphics","21.87","1"
"Intel Celeron G4900T CPU @ 2.90GHz","21.84","1"
"AMD A10-5700 APU with Radeon(tm) HD Graphics","21.7","1"
"Intel Core i7-6650U CPU @ 2.20GHz","21.68","2"
"Intel Core i3-6157U CPU @ 2.40GHz","21.59","1"
"Intel Core i5-7200U CPU @ 2.50GHz","21.54","28"
"AMD Ryzen 3 2200U with Radeon Vega Mobile Gfx","21.48","1"
"Intel Core i5-5350U CPU @ 1.80GHz","21.09","17"
"Intel Core i5-6200U CPU @ 2.30GHz","21.08","20"
"AMD EPYC 7B13","21.06","1"
"Intel Core i5-2540M CPU @ 2.60GHz","20.94","1"
"Intel Core i3-4160T CPU @ 3.10GHz","20.71","2"
"Intel Core i3-3220T CPU @ 2.80GHz","20.57","1"
"Intel Core i7-4510U CPU @ 2.00GHz","20.53","2"
"Intel Core i5-3320M CPU @ 2.60GHz","20.52","1"
"Intel Core i5-6300U CPU @ 2.40GHz","20.26","14"
"Intel Core i5-2310 CPU @ 2.90GHz","20.2","2"
"AMD FX(tm)-4130 Quad-Core Processor","20.04","1"
"Intel Core i5-4570S CPU @ 2.90GHz","19.99","2"
"Intel Celeron N5095A @ 2.00GHz","19.87","1"
"Intel Core i5-4258U CPU @ 2.40GHz","19.86","2"
"AMD A10 PRO-7800B R7, 12 Compute Cores 4C+8G","19.85","1"
"AMD A10-7850K Radeon R7, 12 Compute Cores 4C+8G","19.78","2"
"Intel Core i7-3520M CPU @ 2.90GHz","19.75","3"
"Intel Core i3-7100U CPU @ 2.40GHz","19.61","4"
"Intel Core i7-6600U CPU @ 2.60GHz","19.37","16"
"Intel Core i3-7020U CPU @ 2.30GHz","19.31","16"
"Intel Core i7-4650U CPU @ 1.70GHz","19.21","5"
"Intel Pentium CPU 4405U @ 2.10GHz","19.14","1"
"AMD FX(tm)-4300 Quad-Core Processor","19.08","2"
"Intel Core i5-8210Y CPU @ 1.60GHz","19.02","2"
"Intel Core i5-5300U CPU @ 2.30GHz","18.98","6"
"AMD FX(tm)-4100 Quad-Core Processor","18.95","1"
"Intel Core i3-4370 CPU @ 3.80GHz","18.87","1"
"AMD A8-9600 RADEON R7, 10 COMPUTE CORES 4C+6G","18.83","2"
"Intel Core i7-7500U CPU @ 2.70GHz","18.82","14"
"AMD PRO A8-9600 R7, 10 COMPUTE CORES 4C+6G","18.42","1"
"Intel Xeon CPU           E5607  @ 2.27GHz","18.4","1"
"Intel Core i3 CPU         550  @ 3.20GHz","18.07","1"
"Intel Core i3-3220 CPU @ 3.30GHz","17.91","4"
"AMD FX-9800P RADEON R7, 12 COMPUTE CORES 4C+8G","17.61","1"
"Intel Core i5-4210U CPU @ 1.70GHz","17.6","12"
"Intel Celeron N5105 @ 2.00GHz","17.54","1"
"Intel Xeon CPU E31240 @ 3.30GHz","17.4","1"
"Intel Core i3-1005G1 CPU @ 1.20GHz","17.36","22"
"Intel Core i5-5200U CPU @ 2.20GHz","17.35","5"
"Intel Core i3-3240 CPU @ 3.40GHz","17.34","2"
"Intel Core i3-4030U CPU @ 1.90GHz","17.22","1"
"Intel Core i7-5500U CPU @ 2.40GHz","16.89","1"
"Intel Core i5-4300M CPU @ 2.60GHz","16.6","3"
"Intel Core m3-7Y30 CPU @ 1.00GHz","16.51","1"
"Intel Core i3-6100U CPU @ 2.30GHz","16.49","5"
"Intel Core i5-5250U CPU @ 1.60GHz","16.48","9"
"Intel Core i5-3230M CPU @ 2.60GHz","16.07","3"
"Intel Core i7-4960HQ CPU @ 2.60GHz","15.89","1"
"Intel Core i5-2415M CPU @ 2.30GHz","15.84","3"
"AMD A12-9720P RADEON R7, 12 COMPUTE CORES 4C+8G","15.74","6"
"Intel Core i7-4500U CPU @ 1.80GHz","15.68","2"
"AMD Athlon Silver 3050U with Radeon Graphics","15.58","2"
"AMD Athlon 300U with Radeon Vega Mobile Gfx","15.38","1"
"Intel Core i5-4260U CPU @ 1.40GHz","15.35","2"
"Intel Core i5 CPU         750  @ 2.67GHz","15.33","6"
"AMD A10-9600P RADEON R5, 10 COMPUTE CORES 4C+6G","15.26","4"
"Intel Core i5-4200U CPU @ 1.60GHz","15.2","4"
"AMD Ryzen 3 3200U with Radeon Vega Mobile Gfx","14.65","12"
"Intel Pentium CPU G2020 @ 2.90GHz","14.36","1"
"Intel Core i3-10100Y CPU @ 1.30GHz","14.31","1"
"AMD A8-6600K APU with Radeon(tm) HD Graphics","14.3","1"
"Intel Celeron N5095 @ 2.00GHz","14.18","4"
"Intel Core i5-3317U CPU @ 1.70GHz","13.9","2"
"Intel Pentium CPU 4415Y @ 1.60GHz","13.85","1"
"Intel Core i5-2520M CPU @ 2.50GHz","13.82","2"
"Intel Core i3-1000NG4 CPU @ 1.10GHz","13.74","5"
"AMD Ryzen 3 3250U with Radeon Graphics","13.68","9"
"Intel Core i3-2130 CPU @ 3.40GHz","13.64","1"
"Intel Core i3-4005U CPU @ 1.70GHz","13.6","2"
"Intel Pentium CPU G2030 @ 3.00GHz","13.47","1"
"Intel Core i7-3537U CPU @ 2.00GHz","12.79","1"
"Intel Core i7-4712MQ CPU @ 2.30GHz","12.73","1"
"Intel Core i5-2410M CPU @ 2.30GHz","12.41","6"
"Intel Core i3 CPU         530  @ 2.93GHz","12.12","1"
"Intel Celeron J4125 CPU @ 2.00GHz","12.11","2"
"Intel Core i3-5010U CPU @ 2.10GHz","12.11","1"
"Intel Pentium CPU 5405U @ 2.30GHz","11.99","3"
"Intel Core i5-3210M CPU @ 2.50GHz","11.87","5"
"Intel Core i3-3110M CPU @ 2.40GHz","11.76","3"
"AMD A12-9700P RADEON R7, 10 COMPUTE CORES 4C+6G","11.51","1"
"Intel Core i3-5005U CPU @ 2.00GHz","11.45","6"
"Intel Core i5 CPU       M 450  @ 2.40GHz","11.23","1"
"DG1002FGF84HT","10.94","1"
"Intel Core i5 CPU       M 560  @ 2.67GHz","10.56","1"
"AMD A9-9420 RADEON R5, 5 COMPUTE CORES 2C+3G","10.3","3"
"AMD A6-5200 APU with Radeon HD Graphics","10.26","1"
"AMD A8-6410 APU with AMD Radeon R5 Graphics","10.04","6"
"Intel Celeron CPU 1005M @ 1.90GHz","10","2"
"Intel Core i5-3337U CPU @ 1.80GHz","9.96","4"
"AMD Athlon Silver 7120U with Radeon Graphics","9.49","1"
"AMD Athlon(tm) X4 880K Quad Core Processor","9.48","1"
"Intel Celeron N4120 CPU @ 1.10GHz","9.3","5"
"AMD Embedded G-Series GX-420GI Radeon R7E","9.21","1"
"Intel Core i3-3227U CPU @ 1.90GHz","9.15","1"
"Intel Core i3-7100T CPU @ 3.40GHz","8.54","1"
"Intel Celeron J4005 CPU @ 2.00GHz","8.53","1"
"Intel Pentium CPU B960 @ 2.20GHz","8.44","3"
"Intel Pentium CPU  N3710  @ 1.60GHz","8.17","1"
"AMD A8-5545M APU with Radeon(tm) HD Graphics","8.08","1"
"Intel Core i3-6006U CPU @ 2.00GHz","8.03","1"
"Intel N200","7.96","1"
"AMD A6-4400M APU with Radeon(tm) HD Graphics","7.68","1"
"Intel Core i3-4030Y CPU @ 1.60GHz","7.35","1"
"Intel Pentium 3805U @ 1.90GHz","7.12","1"
"AMD A8-7410 APU with AMD Radeon R5 Graphics","6.89","3"
"AMD A6-9225 RADEON R4, 5 COMPUTE CORES 2C+3G","6.84","1"
"Intel Core i7 CPU       S 860  @ 2.53GHz","6.83","1"
"Intel Core i5-4340M CPU @ 2.90GHz","5.74","1"
"Intel Core i7-3517U CPU @ 1.90GHz","5.7","1"
"Intel Celeron CPU N3450 @ 1.10GHz","5.56","2"
"Intel Pentium CPU  N3700  @ 1.60GHz","5.46","1"
"Intel Celeron N4020 CPU @ 1.10GHz","4.2","3"
"Intel Celeron CPU  N3060  @ 1.60GHz","3.65","1"
"Intel Celeron CPU 2950M @ 2.00GHz","3.58","1"
"AMD Sempron(tm) 2650 APU with Radeon(tm) R3","2.78","2"
"Intel Celeron CPU N3350 @ 1.10GHz","2.55","1"
"AMD E1-2100 APU with Radeon HD Graphics","2.15","1"
"AMD A4-1200 APU with Radeon HD Graphics","1.94","1"